序号,篇名,作者,刊名,发表时间,被引,自引,外引,文献总数
1,从“林长制”到“林长治”,,绿色中国,2020-12-16,0,0,0,1001
2,要闻,,绿色中国,2020-12-16,0,0,0,1001
3,声音,,绿色中国,2020-12-16,0,0,0,1001
4,数字,,绿色中国,2020-12-16,0,0,0,1001
5,“十三五” 绿水青山描绘美丽中国,耿国彪,绿色中国,2020-12-16,0,0,0,1001
6,林长制 推开森林资源全面管理的大门,海铭,绿色中国,2020-12-16,0,0,0,1001
7,王永刚：折翼鸿鹄志存高远 精工细作修己惠人,陈平,绿色中国,2020-12-16,0,0,0,1001
8,践行“两山”理论 让渠首水源地水清民富生态美,余泽厚,绿色中国,2020-12-16,0,0,0,1001
9,江西资溪：生态产品价值实现路径的有益探索,陈薇,绿色中国,2020-12-16,2,0,2,1001
10,“候鸟医生”李春如：但愿人长久 候鸟寄余生,徐立鸣；邱业成,绿色中国,2020-12-16,0,0,0,1001
11,江西万年 红豆杉中开出“幸福花”,海悦,绿色中国,2020-12-16,0,0,0,1001
12,河北兴隆：育出绿水青山 变现金山银山,吴亚平；孙阁,绿色中国,2020-12-16,0,0,0,1001
13,陈和义 勇做新时代泰山“挑山工”,张志国； 孙健,绿色中国,2020-12-16,0,0,0,1001
14,结构再造：美丽乡村全域化景区开发的实践模式――以浙江省湖州市德清县为例,程悦,绿色中国,2020-12-16,0,0,0,1001
15,第八届绿色中国美丽使者评选活动启动,,绿色中国,2020-12-16,0,0,0,1001
16,第二届绿色中国理事会正式启动,文燕,绿色中国,2020-12-16,0,0,0,1001
17,林草骄傲 引领神州大地绿色前行,,绿色中国,2020-12-01,0,0,0,1001
18,我国风沙危害石漠化程度持续减轻,耿国彪,绿色中国,2020-12-01,0,0,0,1001
19,践行“两山”理论 努力创造绿色发展新样式,胡春平,绿色中国,2020-12-01,1,0,1,1001
20,全国林科十佳毕业生评选活动2021再出发,海明,绿色中国,2020-12-01,0,0,0,1001
21,林草榜样 绽放新时代光芒,,绿色中国,2020-12-01,0,0,0,1001
22,陈永忠 让油茶树成为老百姓的“幸福树”,耿国彪,绿色中国,2020-12-01,0,0,0,1001
23,黄河流域生态保护必须正确认识和处理十个关系,黎祖交,绿色中国,2020-12-01,1,0,1,1001
24,苍鹭峰 藏在太行山深处的灼耀明珠,田峰,绿色中国,2020-12-01,0,0,0,1001
25,川金丝猴:灵长类动物中的“颜值担当”,杨敬元,绿色中国,2020-12-01,0,0,0,1001
26,普达措 彩云之南的美丽往事,海文,绿色中国,2020-12-01,0,0,0,1001
27,美丽中国“底色”更浓更靓,耿国彪,绿色中国,2020-12-01,0,0,0,1001
28,"护鸟儿飞翔,如音符在山水间流淌――四位爱鸟人的故事",周梦爽；张胜；王斯敏,绿色中国,2020-12-01,0,0,0,1001
29,资讯,,绿色中国,2020-12-01,0,0,0,1001
30,朱q 献给世界的一抹亮色,耿国彪,绿色中国,2020-12-01,0,0,0,1001
31,第二届绿色中国理事会正式启动,文燕,绿色中国,2020-12-01,0,0,0,1001
32,推进自然教育 共筑生态文明,李彬庆； 张志国,绿色中国,2020-12-01,0,0,0,1001
33,为时代楷模立像――八步沙“六老汉”三代人专题美术展举行,耿国彪,绿色中国,2020-12-01,0,0,0,1001
34,推动林产化学与材料国际创新高地建设,海悦,绿色中国,2020-12-01,0,0,0,1001
35,林下经济让优势资源不再沉睡,黄俊毅,绿色中国,2020-12-01,1,0,1,1001
36,生态扶贫实现保护与脱贫双赢,,绿色中国,2020-11-16,0,0,0,1001
37,要闻,,绿色中国,2020-11-16,0,0,0,1001
38,声音,,绿色中国,2020-11-16,0,0,0,1001
39,数字,,绿色中国,2020-11-16,0,0,0,1001
40,践行习近平生态文明思想 勇做新时代林草先锋――国家林草局公布12个践行习近平生态文明思想先进单位和个人的先进事迹,,绿色中国,2020-11-16,1,0,1,1001
41,拄拐种树多磨难 敢教荒山变金山――全国“林业英雄”孙建博国有林场改革发展事迹,,绿色中国,2020-11-16,0,0,0,1001
42,子承父业40年坚守 誓把“黄龙”变绿洲――甘肃郭万刚腾格里沙漠南缘生态治理事迹,,绿色中国,2020-11-16,0,0,0,1001
43,长期奋战在扶贫攻坚和科技创新第一线――河北李保国山区生态建设和科技富民事迹,,绿色中国,2020-11-16,0,0,0,1001
44,一生守护生态安全的“森林医生”――山东闫家河林业有害生物监测防治研究事迹,,绿色中国,2020-11-16,0,0,0,1001
45,科技让油茶成为百姓的“幸福树”――湖南陈永忠油茶科技扶贫事迹,,绿色中国,2020-11-16,0,0,0,1001
46,用坚强担当书写新时代林草人职责使命――国家林业和草原局张月应对新冠肺炎疫情事迹,,绿色中国,2020-11-16,0,0,0,1001
47,久久为功守初心 一棵杉木做到底――福建洋口国有林场杉木育种科研团队事迹,,绿色中国,2020-11-16,0,0,0,1001
48,虽为女子亦志刚 甘为木麻战飞沙――海南陶凤交“绿色娘子军”海防林建设事迹,,绿色中国,2020-11-16,0,0,0,1001
49,初心变恒心 大漠变绿洲 让绿色成为发展最动人的色彩――辽宁彰武固沙造林科研团队事迹,,绿色中国,2020-11-16,0,0,0,1001
50,生命 因绿而更长青――云南“陆良八老”荒山造林绿化事迹,,绿色中国,2020-11-16,0,0,0,1001
51,为武汉战疫贡献绿色力量――陕西森工医院援鄂医疗队抗疫事迹,,绿色中国,2020-11-16,0,0,0,1001
52,铁骨铮铮军营汉 扎根边疆卫家园――内蒙古大兴安岭航空护林局特勤突击队扑灭火事迹,,绿色中国,2020-11-16,0,0,0,1001
53,王淼：让有限资源无限循环,张志国,绿色中国,2020-11-16,0,0,0,1001
54,敬畏：生命的哲学意蕴,刘凤彪,绿色中国,2020-11-16,1,1,0,1001
55,植物文化：生命的时代价值,刘凤彪,绿色中国,2020-11-16,0,0,0,1001
56,生命共同体：人与自然的原点和归宿,刘凤彪,绿色中国,2020-11-16,0,0,0,1001
57,热带雨林里的邂逅,耿国彪,绿色中国,2020-11-16,0,0,0,1001
58,21世纪民法典的代表――中国的绿色《民法典》,朱凡； 张萌,绿色中国,2020-11-16,1,0,1,1001
59,新时代城市绿化的理念与实践,李雪塞,绿色中国,2020-11-16,0,0,0,1001
60,鄱阳湖畔的新一代护鸟人,王祺,绿色中国,2020-11-16,0,0,0,1001
61,雄安“千年秀林” 每一株树都有一个数字身份证,耿建民；邢海；孙阁,绿色中国,2020-11-16,0,0,0,1001
62,广德 改革生机勃发好景绿意绵长,余结红；傅明宏；罗春发,绿色中国,2020-11-16,0,0,0,1001
63,我国林草标准化和食用林产品质量安全监管工作成效明显,何其,绿色中国,2020-11-16,1,0,1,1001
64,25只麋鹿回归大自然,海悦,绿色中国,2020-11-16,0,0,0,1001
65,我为生活在龙游自豪――参加“绿色中国行”活动有感,叶梓开,绿色中国,2020-11-16,0,0,0,1001
66,攥一份责任 许一抹绿意,龚哲雅,绿色中国,2020-11-16,0,0,0,1001
67,珊塘村印记,吴渭明,绿色中国,2020-11-16,0,0,0,1001
68,第三届全国香榧炒制大赛松阳“开炒”,顾昕； 孔令首,绿色中国,2020-11-16,0,0,0,1001
69,第二届绿色中国理事会正式启动,文燕,绿色中国,2020-11-16,0,0,0,1001
70,武夷山国家公园启示录,蓝明红,绿色中国,2020-11-01,0,0,0,1001
71,看秋色 闻秋声 内蒙坝上写美景,孙阁；董志婧；梁媛,绿色中国,2020-11-01,0,0,0,1001
72,人人争做建设美丽中国的行动者,,绿色中国,2020-11-01,0,0,0,1001
73,声音,,绿色中国,2020-11-01,0,0,0,1001
74,数字,,绿色中国,2020-11-01,0,0,0,1001
75,绿圆中国梦 携手进小康――第四届中国绿化博览会在贵州黔南开幕,海明；宋睁,绿色中国,2020-11-01,1,0,1,1001
76,生态文明专家视角：黎祖交教授解读十九届五中全会精神,缪宏,绿色中国,2020-11-01,0,0,0,1001
77,林草信息化率对林草信息化发展的影响浅析,冯峻极； 周庆宇； 简帅,绿色中国,2020-11-01,2,0,2,1001
78,新愚公李保国：笑别太行,孙阁,绿色中国,2020-11-01,0,0,0,1001
79,绿色中国小记者 亲近自然 关爱环境,张志国； 贾建新； 耿国彪,绿色中国,2020-11-01,0,0,0,1001
80,聚焦美丽生态龙游 畅谈绿色低碳发展――大型电视访谈节目“绿色中国十人谈：两山路上看变迁（龙游篇）”录制,耿国彪,绿色中国,2020-11-01,0,0,0,1001
81,第二届绿色中国理事会正式启动,文燕,绿色中国,2020-11-01,0,0,0,1001
82,唱响美丽生态龙游 歌咏绿色低碳发展,耿国彪； 贾建新,绿色中国,2020-11-01,0,0,0,1001
83,绿色中国行走进美丽龙游,耿国彪,绿色中国,2020-11-01,0,0,0,1001
84,一堂别开生面的生态公开课――全国三亿青少年进森林研学教育活动首次走进校园,耿国彪,绿色中国,2020-11-01,0,0,0,1001
85,陈良柏43年的林海情缘,黄敏莹；张志国,绿色中国,2020-11-01,0,0,0,1001
86,全国第二处“林业英雄林”落成,晓月,绿色中国,2020-11-01,0,0,0,1001
87,要闻,,绿色中国,2020-11-01,0,0,0,1001
88,数字,,绿色中国,2020-10-16,0,0,0,1001
89,郭万刚 誓把黄沙变绿洲,耿国彪,绿色中国,2020-10-16,0,0,0,1001
90,虎豹啸山林（外一章）,耿国彪,绿色中国,2020-10-16,0,0,0,1001
91,京贵牵手 助力黔货出山,何其,绿色中国,2020-10-16,0,0,0,1001
92,绿色的“春天”,唐Z,绿色中国,2020-10-16,0,0,0,1001
93,水资源保护与科学用水,赵阳,绿色中国,2020-10-16,0,0,0,1001
94,闲游水乡慢读荷,孙旭扬；孙阁,绿色中国,2020-10-16,0,0,0,1001
95,炊烟里的味道――读陈舟宝先生新作《巧得天味》有感,耿国彪,绿色中国,2020-10-16,0,0,0,1001
96,林中收获别样甜,,绿色中国,2020-10-16,0,0,0,1001
97,要闻,,绿色中国,2020-10-16,0,0,0,1001
98,“陆良八老”生命因绿而长青,文波,绿色中国,2020-10-16,0,0,0,1001
99,闫家河：守护生态的“森林医生”,耿国彪,绿色中国,2020-10-16,0,0,0,1001
100,开启大兴安岭林区森林防灭火的新纪元――内蒙古大兴安岭航空护林局特勤突击队事迹,耿国彪,绿色中国,2020-10-16,0,0,0,1001
101,陕西省森工医院站在新冠疫情防控的最前沿,文博,绿色中国,2020-10-16,0,0,0,1001
102,让黑脸琵鹭舞翩跹,王菲； 张志国,绿色中国,2020-10-16,0,0,0,1001
103,森林旅游已成脱贫攻坚良器,海悦,绿色中国,2020-10-16,0,0,0,1001
104,巨鹿：让绿化与美化同步增绿与增效并重,张东坡；梁媛；孙阁,绿色中国,2020-10-16,0,0,0,1001
105,彭水 为苗乡儿女托起稳稳的幸福,水文,绿色中国,2020-10-16,0,0,0,1001
106,第八届绿色中国美丽使者评选活动启动,,绿色中国,2020-10-16,0,0,0,1001
107,王波：月季花开 飘香世界,张志国,绿色中国,2020-10-16,0,0,0,1001
108,一个被“扶”起来的致富带头人――记2020年四川省脱贫攻坚奖获得者张玉华,耿国彪,绿色中国,2020-10-16,0,0,0,1001
109,第二届绿色中国理事会正式启动,文燕,绿色中国,2020-10-16,0,0,0,1001
110,声音,,绿色中国,2020-10-16,0,0,0,1001
111,资讯,,绿色中国,2020-10-01,0,0,0,1001
112,朱q乘风破浪 科研保驾护航,蒋娴； 王超； 李惠鑫,绿色中国,2020-10-01,0,0,0,1001
113,杨昌芹 赤水河畔的“竹编姑娘”,耿国彪,绿色中国,2020-10-01,0,0,0,1001
114,科学经营生态系统 做大做强绿色银行,刘家顺,绿色中国,2020-10-01,1,0,1,1001
115,探秘祁连山――百名记者探访祁连山国家公园纪实,石盛楠,绿色中国,2020-10-01,0,0,0,1001
116,这片滩涂连接了中国与世界,周梦爽,绿色中国,2020-10-01,0,0,0,1001
117,树木中的谦谦君子――栾树,杨忠岐,绿色中国,2020-10-01,0,0,0,1001
118,砥砺20年 绿满京津风沙源,耿国彪,绿色中国,2020-10-01,0,0,0,1001
119,最美护林员 神州大地最靓丽的一道风景,耿国彪,绿色中国,2020-10-01,0,0,0,1001
120,三代沙林人 以科技助力中国治沙奇迹,张蜜,绿色中国,2020-10-01,0,0,0,1001
121,森林旅游市场迎来旺季,李慧,绿色中国,2020-10-01,0,0,0,1001
122,我国首部林业科技知识读本问世,铁铮,绿色中国,2020-10-01,0,0,0,1001
123,文明观鸟知多少,王菲； 张志国,绿色中国,2020-10-01,0,0,0,1001
124,欢迎订阅2021年《绿色中国》,,绿色中国,2020-10-01,0,0,0,1001
125,向餐饮浪费说不,,绿色中国,2020-10-01,0,0,0,1001
126,坚守人民情怀，走好新时代的长征路――习近平在湖南考察并主持召开基层代表座谈会纪实,张晓松； 朱基钗； 杜尚泽,绿色中国,2020-10-01,2,0,2,1001
127,神农架 野人的传说（外一章）,耿国彪,绿色中国,2020-10-01,0,0,0,1001
128,秋望鹳雀楼,柳辉,绿色中国,2020-10-01,0,0,0,1001
129,第二届绿色中国理事会正式启动,文燕,绿色中国,2020-10-01,0,0,0,1001
130,这里的林农点“碳”成金,刘海波；孙阁,绿色中国,2020-09-16,0,0,0,1001
131,做好“绿”文章 擦亮“金”招牌,杨涛利；胡俊秀,绿色中国,2020-09-16,0,0,0,1001
132,资讯,,绿色中国,2020-09-16,0,0,0,1001
133,北京冬奥村揭开面纱,文雯,绿色中国,2020-09-16,0,0,0,1001
134,光伏村:新农村新能源新产业相融共生――对浙江龙观B IPV光伏+乡村振兴新模式的探析,陈颖； 姜春香； 陈迪明,绿色中国,2020-09-16,0,0,0,1001
135,朱q “东方宝石”的重生之路,李彬庆； 张志国,绿色中国,2020-09-16,1,0,1,1001
136,李俐：后疫情时代 加快中医药产业世界化步伐,宋兹鹏,绿色中国,2020-09-16,0,0,0,1001
137,大熊猫的家（外一章）,耿国彪,绿色中国,2020-09-16,0,0,0,1001
138,姜卫东：矢志创新，心无旁骛做实业,宋兹鹏,绿色中国,2020-09-16,0,0,0,1001
139,井冈山 “红”“绿”相间的特色脱贫致富路,蓝曦瑶,绿色中国,2020-09-16,0,0,0,1001
140,决胜时刻的生态力量,,绿色中国,2020-09-16,0,0,0,1001
141,全国三亿青少年进森林研学教育活动取得良好开局,耿国彪,绿色中国,2020-09-16,0,0,0,1001
142,李厚霖：爱的艺术跨界,张志国,绿色中国,2020-09-16,0,0,0,1001
143,第二届绿色中国理事会正式启动,文燕,绿色中国,2020-09-16,0,0,0,1001
144,丰收中国 希望田野的最美画卷,王浩；常钦；郁静娴,绿色中国,2020-09-16,0,0,0,1001
145,生态扶贫结硕果,海明,绿色中国,2020-09-16,0,0,0,1001
146,信仰的泪水充满了力量,肖梁,绿色中国,2020-09-16,0,0,0,1001
147,寻遍3000多个岛，只为找到“神话之鸟”,周梦爽,绿色中国,2020-09-01,0,0,0,1001
148,第二届绿色中国理事会正式启动,文燕,绿色中国,2020-09-01,0,0,0,1001
149,走大连，看湿地,孙阁；张东坡；李伟,绿色中国,2020-09-01,0,0,0,1001
150,修复生态系统 共建美丽中国,,绿色中国,2020-09-01,2,0,2,1001
151,资讯,,绿色中国,2020-09-01,0,0,0,1001
152,加快推进国家公园体制试点工作 成熟一个设立一个,耿国彪,绿色中国,2020-09-01,1,0,1,1001
153,草场绿了 牛羊肥了 牧民富了,王浩；常钦,绿色中国,2020-09-01,0,0,0,1001
154,“带薪休假”，草场又绿了！,王浩；常钦,绿色中国,2020-09-01,0,0,0,1001
155,神农架“进退”之间“焕”新颜,王欣；王品；国语,绿色中国,2020-09-01,0,0,0,1001
156,三北工程：筑起北疆生态屏障,耿国彪,绿色中国,2020-09-01,0,0,0,1001
157,发挥优势 多策并举 打造生态扶贫的南阳样板,余泽厚,绿色中国,2020-09-01,0,0,0,1001
158,可降解纸质无底育苗容器推广使用经济效益分析,崔华倩； 李向晨,绿色中国,2020-09-01,1,0,1,1001
159,“海岸卫士”红树林期待加强保护修复,耿国彪,绿色中国,2020-09-01,0,0,0,1001
160,以绿化促美化 建设美丽宜居玉环,徐雪,绿色中国,2020-09-01,0,0,0,1001
161,打造候鸟迁徙的绿色通道,王菲； 张志国,绿色中国,2020-09-01,0,0,0,1001
162,走笔三江源（外二章）,耿国彪,绿色中国,2020-09-01,0,0,0,1001
163,林草科技点靓绿水青山,耿国彪,绿色中国,2020-09-01,0,0,0,1001
164,赵永军 护绿为民的“防疫”专家,张志国,绿色中国,2020-09-01,0,0,0,1001
165,声音,,绿色中国,2020-08-16,0,0,0,1001
166,国家公园大阅兵,,绿色中国,2020-08-16,0,0,0,1001
167,祁连山国家公园 西北大地的生态秘境,,绿色中国,2020-08-16,1,0,1,1001
168,生态管护新模式 开启绿色新篇章,林雅秋,绿色中国,2020-08-16,1,0,1,1001
169,神农架国家公园 北纬31°的绿色奇迹,,绿色中国,2020-08-16,0,0,0,1001
170,感恩奋进 做好国家公园体制试点各项工作,周森峰,绿色中国,2020-08-16,0,0,0,1001
171,国家公园体制试点进入倒计时,耿国彪,绿色中国,2020-08-16,1,0,1,1001
172,不负殷殷嘱托 扛起使命担当,赫万成,绿色中国,2020-08-16,0,0,0,1001
173,海南热带雨林国家公园 秘境中的邂逅,,绿色中国,2020-08-16,0,0,0,1001
174,为国家公园体制试点贡献海南方案和海南智慧,刘艳玲,绿色中国,2020-08-16,1,0,1,1001
175,三江源国家公园 青藏高原的人间净土,,绿色中国,2020-08-16,0,0,0,1001
176,做好“加减乘除” 创新体制机制,王章明,绿色中国,2020-08-16,0,0,0,1001
177,南山国家公园 湘桂边界的绿色明珠,,绿色中国,2020-08-16,0,0,0,1001
178,健全体制机制 维护南方重要生态屏障,罗建南,绿色中国,2020-08-16,0,0,0,1001
179,奋力谱写普达措国家公园体制试点新篇章,唐华,绿色中国,2020-08-16,0,0,0,1001
180,2020粤港澳自然教育季启动,,绿色中国,2020-08-16,0,0,0,1001
181,全力推进祁连山国家公园体制试点,王洪波,绿色中国,2020-08-16,0,0,0,1001
182,钱江源国家公园 低海拔常绿阔叶林的家,,绿色中国,2020-08-16,0,0,0,1001
183,要闻,,绿色中国,2020-08-16,0,0,0,1001
184,数字,,绿色中国,2020-08-16,0,0,0,1001
185,绿水青山就是金山银山,,绿色中国,2020-08-16,0,0,0,1001
186,东北虎豹国家公园 给虎豹一个自由的家,,绿色中国,2020-08-16,0,0,0,1001
187,建好东北虎豹国家公园,赵利,绿色中国,2020-08-16,0,0,0,1001
188,大熊猫国家公园 国宝的家,,绿色中国,2020-08-16,0,0,0,1001
189,探索跨省域大熊猫国家公园管理体制和运行机制,向可文,绿色中国,2020-08-16,0,0,0,1001
190,第八届绿色中国美丽使者评选活动启动,,绿色中国,2020-08-16,0,0,0,1001
191,武夷山国家公园 奏响人与自然和谐乐章,,绿色中国,2020-08-16,0,0,0,1001
192,千年古县灵寿山水换金钱,梁媛；董志婧；张东坡,绿色中国,2020-08-16,0,0,0,1001
193,第二届绿色中国理事会正式启动,文燕,绿色中国,2020-08-16,0,0,0,1001
194,伊娟 玫瑰仙子 为爱芬芳,张志国,绿色中国,2020-08-16,0,0,0,1001
195,昆仑2020专项行动取得阶段进展,,绿色中国,2020-08-16,0,0,0,1001
196,普达措国家公园 彩云之南的美丽往事,,绿色中国,2020-08-16,0,0,0,1001
197,资讯,,绿色中国,2020-08-01,0,0,0,1001
198,感恩：生命的逻辑起点,刘凤彪,绿色中国,2020-08-01,0,0,0,1001
199,出重拳 联合打击野生动植物非法贸易,海明,绿色中国,2020-08-01,0,0,0,1001
200,第二届绿色中国理事会正式启动,文燕,绿色中国,2020-08-01,0,0,0,1001
201,国家公园离我们越来越近,,绿色中国,2020-08-01,0,0,0,1001
202,中国的国家公园时代来了,耿国彪,绿色中国,2020-08-01,2,0,2,1001
203,既要重视资源、环境，更要重视生态系统,黎祖交,绿色中国,2020-08-01,0,0,0,1001
204,风起钱江源（外二章）,耿国彪,绿色中国,2020-08-01,0,0,0,1001
205,国家林草局：我国将开展松材线虫病防控5年攻坚行动,张志国,绿色中国,2020-08-01,2,0,2,1001
206,荷花和莲花是一回事吗？,杨忠岐,绿色中国,2020-08-01,0,0,0,1001
207,不一般的牛背梁,赵侠；杜扶阳；马宇,绿色中国,2020-08-01,0,0,0,1001
208,中国鹤年 让悠悠鹤鸣响彻神州大地,王菲； 张志国,绿色中国,2020-08-01,0,0,0,1001
209,城市“鸟叔”冼铨辉：守护“鹭鸟天堂”20年,江F,绿色中国,2020-08-01,0,0,0,1001
210,梁衡：透过绿叶写青史,王江江,绿色中国,2020-08-01,0,0,0,1001
211,“全国采摘果园一张图” 让采摘驶入数字快车道,耿国彪,绿色中国,2020-08-01,0,0,0,1001
212,绿延安,李伟明,绿色中国,2020-08-01,0,0,0,1001
213,充满希望的田野 大有可为的热土――习近平总书记考察吉林纪实,张晓松； 朱基钗； 杜尚泽,绿色中国,2020-08-01,0,0,0,1001
214,这方黑土地让“中国饭碗”端得更稳,李洋,绿色中国,2020-08-01,0,0,0,1001
215,声音,,绿色中国,2020-07-16,0,0,0,1001
216,山巅的主人――羚牛,向定乾,绿色中国,2020-07-16,0,0,0,1001
217,我国世界地质公园家族“添丁进口”,蓝明红,绿色中国,2020-07-16,0,0,0,1001
218,退耕还林还草 绘就人与自然和谐共生的新画卷,本刊综合； 蓝明红,绿色中国,2020-07-16,0,0,0,1001
219,美丽江西 我看青山多妩媚,施茂寅；刘小虎,绿色中国,2020-07-16,0,0,0,1001
220,退耕还林草 山河披绿装,,绿色中国,2020-07-16,0,0,0,1001
221,数字,,绿色中国,2020-07-16,0,0,0,1001
222,两山理论：中国林草建设的理论基石――访北京林业大学教授陈建成,铁铮,绿色中国,2020-07-16,0,0,0,1001
223,林木分子育种瞄准高精尖,铁铮；延晓康；李呈澄,绿色中国,2020-07-16,0,0,0,1001
224,爱鸟护鸟志愿者在行动,李彬庆； 张志国,绿色中国,2020-07-16,0,0,0,1001
225,要闻,,绿色中国,2020-07-16,0,0,0,1001
226,赵建文和他的“稻渔空间”,张志国,绿色中国,2020-07-16,0,0,0,1001
227,王军：海外游子的绿水青山梦,王凤阳,绿色中国,2020-07-16,0,0,0,1001
228,“吊环王子”陈一冰：不同的事业 同一个梦想,宋兹鹏,绿色中国,2020-07-16,0,0,0,1001
229,扮靓“生态镇”――“牧区大寨”乌审召再出发,李彦军；马利军；张晓艳；王顺,绿色中国,2020-07-16,0,0,0,1001
230,浅谈如何运用融媒体宣传“两山”理念――以《绿色中国十人谈：“两山”路上看变迁》为例,向阳,绿色中国,2020-07-16,1,0,1,1001
231,雨听香山,柳辉；贾建新,绿色中国,2020-07-16,0,0,0,1001
232,明天的村庄在哪里,李伟明,绿色中国,2020-07-16,0,0,0,1001
233,第二届绿色中国理事会正式启动,文燕,绿色中国,2020-07-16,0,0,0,1001
234,携手防沙止漠 共护绿水青山,,绿色中国,2020-07-01,0,0,0,1001
235,世界环境日:让我们争做关爱自然的行动者,张志国,绿色中国,2020-07-01,0,0,0,1001
236,自然公园十一月与你相约湖南长沙,张志国,绿色中国,2020-07-01,0,0,0,1001
237,“绿进沙退”的中国密码,李慧,绿色中国,2020-07-01,0,0,0,1001
238,防治“地球癌症” 共筑美丽中国,耿国彪,绿色中国,2020-07-01,0,0,0,1001
239,云端对话:携手防沙止漠 共护绿水青山,耿国彪,绿色中国,2020-07-01,0,0,0,1001
240,保护“海岸卫士”红树林,海明,绿色中国,2020-07-01,0,0,0,1001
241,治沙英雄牛玉琴 誓让沙漠变绿洲,耿国彪,绿色中国,2020-07-01,0,0,0,1001
242,千松坝林场:河北的又一个塞罕坝,田桂兰；陶世杰；孙阁,绿色中国,2020-07-01,0,0,0,1001
243,南阳市国家储备林建设模式探析,王东升； 胡涛,绿色中国,2020-07-01,1,0,1,1001
244,红树林为何不是红色的?,东方野,绿色中国,2020-07-01,0,0,0,1001
245,资讯,,绿色中国,2020-07-01,0,0,0,1001
246,关注鸟类保护 守护绿色家园,李彬庆； 张志国,绿色中国,2020-07-01,1,0,1,1001
247,“一个少数民族也不能少”――记习近平总书记在宁夏考察脱贫攻坚奔小康,杜尚泽； 王汉超； 张晓松； 朱基钗,绿色中国,2020-07-01,1,0,1,1001
248,“一米菜园”里的浓浓乡愁,海月,绿色中国,2020-07-01,0,0,0,1001
249,八角肉桂演绎“八桂天香”,柳辉；谢彩文,绿色中国,2020-07-01,0,0,0,1001
250,第二届绿色中国理事会正式启动,文燕,绿色中国,2020-07-01,0,0,0,1001
251,我国将开展三亿青少年进森林研学活动,耿国彪,绿色中国,2020-07-01,0,0,0,1001
252,春天 那些不知名的野花,耿国彪；谷宝臣,绿色中国,2020-06-16,0,0,0,1001
253,秦岭山傍黄河美,赵侠；杜扶阳,绿色中国,2020-06-16,0,0,0,1001
254,第二届绿色中国理事会正式启动,文燕,绿色中国,2020-06-16,0,0,0,1001
255,缙云山 一座城市“绿肺”的涅重生,耿国彪；万难,绿色中国,2020-06-16,0,0,0,1001
256,垃圾分类渐成新时尚,,绿色中国,2020-06-16,0,0,0,1001
257,三生融合 续写西湖美丽传奇,李燕,绿色中国,2020-06-16,0,0,0,1001
258,风雨廊桥八百年,叶树生；吴少云,绿色中国,2020-06-16,0,0,0,1001
259,要闻,,绿色中国,2020-06-16,0,0,0,1001
260,声音,,绿色中国,2020-06-16,0,0,0,1001
261,森林草原火情要确保早发现早处置,海悦,绿色中国,2020-06-16,1,0,1,1001
262,恰逢刺梨花开,游娜,绿色中国,2020-06-16,0,0,0,1001
263,空谷幽兰扮靓美丽中国,张蜜,绿色中国,2020-06-16,0,0,0,1001
264,数字,,绿色中国,2020-06-16,0,0,0,1001
265,疫情之下 春季造林与去年同期持平,海明,绿色中国,2020-06-16,0,0,0,1001
266,把握机遇 开拓创新 扎实做好新时代草原保护修复工作,李树铭,绿色中国,2020-06-16,2,0,2,1001
267,依法护鸟 规范爱鸟,李彬庆； 张志国,绿色中国,2020-06-16,0,0,0,1001
268,第八届绿色中国美丽使者评选活动启动,,绿色中国,2020-06-16,0,0,0,1001
269,保护自然遗产 呈现中国精彩,李彬庆； 张志国,绿色中国,2020-06-16,0,0,0,1001
270,余留芬 酿造新时代山村的幸福生活,耿国彪,绿色中国,2020-06-16,0,0,0,1001
271,雷华英 大山里的“蓝凤凰”,王壹,绿色中国,2020-06-16,0,0,0,1001
272,世界遗产带给我们的不仅是美丽,海明,绿色中国,2020-06-16,0,0,0,1001
273,保持定力 不负青山,,绿色中国,2020-06-01,0,0,0,1001
274,资讯,,绿色中国,2020-06-01,0,0,0,1001
275,循着习近平总书记的足迹，感受那山那水,董峻；高敬；冯国栋；何问；李华,绿色中国,2020-06-01,0,0,0,1001
276,守护母亲河 奏响黄河流域生态保护的时代强音,耿国彪,绿色中国,2020-06-01,0,0,0,1001
277,青山挽绿手 生态终可期,耿国彪,绿色中国,2020-06-01,0,0,0,1001
278,以“绿”为进 筑牢国家公园之基,耿国彪,绿色中国,2020-06-01,0,0,0,1001
279,两会上的林草之声,耿国彪,绿色中国,2020-06-01,0,0,0,1001
280,生态保护需要全民参与,李彬庆； 张志国,绿色中国,2020-06-01,1,0,1,1001
281,秦岭 生态系统的“中国芯”,黄英,绿色中国,2020-06-01,0,0,0,1001
282,第二届绿色中国理事会正式启动,文燕,绿色中国,2020-06-01,0,0,0,1001
283,国家林草局深入学习贯彻习近平总书记重要讲话和全国两会精神,耿国彪,绿色中国,2020-06-01,0,0,0,1001
284,袁昌选 油茶是农民脱贫致富的“金饭碗”,耿国彪,绿色中国,2020-06-01,0,0,0,1001
285,当好生态建设的先行者和高质量发展的排头兵,张晓超；苏长文,绿色中国,2020-06-01,0,0,0,1001
286,文艺志愿服务，永远在路上……,陈思思,绿色中国,2020-06-01,0,0,0,1001
287,遇见水乡,柳辉,绿色中国,2020-06-01,0,0,0,1001
288,李绍玉 绣出苗乡幸福生活,耿国彪,绿色中国,2020-05-16,0,0,0,1001
289,声音,,绿色中国,2020-05-16,0,0,0,1001
290,生态建设代表委员十人谈,耿国彪,绿色中国,2020-05-16,0,0,0,1001
291,刘东生 林草生态扶贫推进绿色惠民,耿国彪,绿色中国,2020-05-16,0,0,0,1001
292,让草原的明天更加美好,耿国彪,绿色中国,2020-05-16,0,0,0,1001
293,脱贫攻坚 一线林草人是这样干的,姚伟强,绿色中国,2020-05-16,0,0,0,1001
294,要闻,,绿色中国,2020-05-16,0,0,0,1001
295,数字,,绿色中国,2020-05-16,0,0,0,1001
296,林业老职工李义发 圆了多年的音乐梦,张志国,绿色中国,2020-05-16,0,0,0,1001
297,爱鸟周 候鸟迁徙的中国绿飘带,耿国彪,绿色中国,2020-05-16,0,0,0,1001
298,金山岭:四月芳菲艳长城,田桂兰；孙阁,绿色中国,2020-05-16,0,0,0,1001
299,从人民中汲取磅礴力量――习近平总书记同出席2020年全国两会人大代表、政协委员共商国是纪实,霍小光； 张晓松； 邹伟； 朱基钗,绿色中国,2020-05-16,0,0,0,1001
300,决战脱贫攻坚 不负人民期待,耿国彪,绿色中国,2020-05-16,0,0,0,1001
301,凝聚勇往直前的强大力量,,绿色中国,2020-05-16,0,0,0,1001
302,打生态绿色牌 走富民兴村路――四川广元生态产业助农增收脱贫,张厚美,绿色中国,2020-05-16,0,0,0,1001
303,第二届绿色中国理事会正式启动,文燕,绿色中国,2020-05-16,0,0,0,1001
304,数字,,绿色中国,2020-05-01,0,0,0,1001
305,民族地区践行“两山论”的彭水实践,钱建超,绿色中国,2020-05-01,0,0,0,1001
306,园丁的梦想与荣光――钱江源国家公园体制试点综述,,绿色中国,2020-05-01,0,0,0,1001
307,践行“两山”理论 完成生态扶贫目标任务,张建龙,绿色中国,2020-05-01,0,0,0,1001
308,要闻,,绿色中国,2020-05-01,0,0,0,1001
309,试论在全面脱贫和乡村振兴中发展杂交构树产业的意义,黎祖交,绿色中国,2020-05-01,0,0,0,1001
310,声音,,绿色中国,2020-05-01,0,0,0,1001
311,34年坚守绿色初心的全国林业英雄――记全国人大代表、原山林场党委书记孙建博,张志国；曹钢,绿色中国,2020-05-01,0,0,0,1001
312,覃建宁 林业代表的履职应该在林间,耿国彪,绿色中国,2020-05-01,0,0,0,1001
313,张利民 我就是塞罕坝一棵树,张志国；王磊,绿色中国,2020-05-01,0,0,0,1001
314,方中华 努力打造乡村振兴的方林村样板,张志国,绿色中国,2020-05-01,0,0,0,1001
315,努力克服疫情影响 全力决胜脱贫攻坚,,绿色中国,2020-05-01,0,0,0,1001
316,张凯丽 做一名无愧于时代的文艺工作者,张志国,绿色中国,2020-05-01,0,0,0,1001
317,“疫”下不停传捷报 定点帮扶摘穷帽――国家林草局定点扶贫贵州省独山县脱贫摘帽纪实,洪加晴；赵庆超；刘正祥,绿色中国,2020-05-01,0,0,0,1001
318,疫情袭来 彰显民营企业的责任和担当――访全国政协常委、全国工商联副主席叶青,耿国彪,绿色中国,2020-05-01,0,0,0,1001
319,让衢州有礼行动成为高质量发展新引擎,徐文光,绿色中国,2020-05-01,0,0,0,1001
320,建设“森林南阳”永葆渠清水碧,霍好胜,绿色中国,2020-05-01,0,0,0,1001
321,西瓜地里走出的致富带头人――记全国人大代表冯乐平,张志国,绿色中国,2020-05-01,0,0,0,1001
322,十年“绿色中国行” 神州大地遍开生态文明之花――访国家林业和草原局宣传中心副主任、绿色中国行活动组委会秘书长缪宏,谢龙,绿色中国,2020-05-01,0,0,0,1001
323,线下开园门 线上开直播,张蜜,绿色中国,2020-04-16,0,0,0,1001
324,董明珠 创新是打开未来之门的金钥匙,耿国彪,绿色中国,2020-04-16,0,0,0,1001
325,数字,,绿色中国,2020-04-16,0,0,0,1001
326,河北:“空、天、地”一体化防火 让燕赵河山体验“云”时代,田桂兰；孙阁,绿色中国,2020-04-16,0,0,0,1001
327,要闻,,绿色中国,2020-04-16,0,0,0,1001
328,履行植树义务 共建美丽中国――2020年共和国部长义务植树活动在京举行,张志国； 吴兆,绿色中国,2020-04-16,0,0,0,1001
329,声音,,绿色中国,2020-04-16,0,0,0,1001
330,国家林草局公布第二批国家森林乡村名单,海明,绿色中国,2020-04-16,2,0,2,1001
331,第八届绿色中国美丽使者评选活动启动,,绿色中国,2020-04-16,0,0,0,1001
332,郭晓东:他把名店做成免费送餐的“战地食堂”,张志国,绿色中国,2020-04-16,0,0,0,1001
333,维护食品安全 促进生态食材生产,,绿色中国,2020-04-16,0,0,0,1001
334,论手机新媒体新闻资讯的传播理念,孔令首,绿色中国,2020-04-16,1,0,1,1001
335,我在湖北战“疫”的57天,孙宪洁,绿色中国,2020-04-16,0,0,0,1001
336,生态扶贫 越走路越宽,耿国彪,绿色中国,2020-04-16,0,0,0,1001
337,野骆驼的守望,王新艾,绿色中国,2020-04-16,0,0,0,1001
338,给候鸟一条“干净”的迁徙通道,虎三,绿色中国,2020-04-01,0,0,0,1001
339,杨勇 踏遍神州 守望江河,耿国彪,绿色中国,2020-04-01,0,0,0,1001
340,管住嘴巴 守护好我们共同的家园,耿国彪,绿色中国,2020-04-01,0,0,0,1001
341,火灾 森林草原不能承受之重,黄英,绿色中国,2020-04-01,1,0,1,1001
342,声音,,绿色中国,2020-04-01,0,0,0,1001
343,要闻,,绿色中国,2020-04-01,0,0,0,1001
344,数字,,绿色中国,2020-04-01,0,0,0,1001
345,春天 神州大地那些植绿的身影,耿国彪,绿色中国,2020-04-01,0,0,0,1001
346,盘点2019国土绿化成绩显著,小顾,绿色中国,2020-04-01,0,0,0,1001
347,龙江森工:83万职工群众交出的“抗疫答卷”,张旭光,绿色中国,2020-04-01,0,0,0,1001
348,致敬每一位踏上归途的白衣天使,,绿色中国,2020-04-01,0,0,0,1001
349,谷宝臣:与鸟为邻 捕捉大自然中最美的身影,静心,绿色中国,2020-04-01,0,0,0,1001
350,我们就跟亲娘俩一样,谷文月,绿色中国,2020-04-01,0,0,0,1001
351,森林食品营销联盟 破解精准扶贫难题,张志国,绿色中国,2020-04-01,0,0,0,1001
352,抗疫炼内功 盘龙再迎客,张蜜,绿色中国,2020-04-01,0,0,0,1001
353,基于中医理论的疫情应对,如刚,绿色中国,2020-04-01,0,0,0,1001
354,痛哉，壮哉，洲湾,康胜利,绿色中国,2020-04-01,0,0,0,1001
355,古道春色,陈新森,绿色中国,2020-04-01,0,0,0,1001
356,葱滩，大秦岭雪景之魅,谢晨,绿色中国,2020-04-01,0,0,0,1001
357,第二届绿色中国理事会正式启动,文燕,绿色中国,2020-04-01,0,0,0,1001
358,生态产业 让大山里生出了“金果果”,耿国彪,绿色中国,2020-03-16,0,0,0,1001
359,保护野生动植物 维护全球生命共同体,耿国彪,绿色中国,2020-03-16,0,0,0,1001
360,王新艾 千里寻踪野骆驼,石盛楠,绿色中国,2020-03-16,0,0,0,1001
361,要闻,,绿色中国,2020-03-16,0,0,0,1001
362,梁稳根 铸造中国的世界名牌,耿国彪,绿色中国,2020-03-16,0,0,0,1001
363,三北工程:在逆境中疾驰,黄俊毅,绿色中国,2020-03-16,0,0,0,1001
364,国家林草局公布第一批国家森林乡村名单,海明,绿色中国,2020-03-16,0,0,0,1001
365,声音,,绿色中国,2020-03-16,0,0,0,1001
366,数字,,绿色中国,2020-03-16,0,0,0,1001
367,田作林 黑土地上致富路,耿国彪,绿色中国,2020-03-16,0,0,0,1001
368,王禄:架起农产品直通餐桌的桥梁,张志国,绿色中国,2020-03-16,0,0,0,1001
369,庞宇:心理医生的抗疫感悟,张志国,绿色中国,2020-03-16,0,0,0,1001
370,红旗渠:一个用钢钎镌刻在南太行上的传奇,姚宁,绿色中国,2020-03-16,1,0,1,1001
371,让乡规民约助力乡村振兴,,绿色中国,2020-03-16,0,0,0,1001
372,别让舌尖之“鲜”成为社会之“险”,张厚美,绿色中国,2020-03-01,0,0,0,1001
373,2019年中国野生动植物保护十件大事揭晓,胡三,绿色中国,2020-03-01,0,0,0,1001
374,全民行动铸就绿色长城,,绿色中国,2020-03-01,0,0,0,1001
375,数字,,绿色中国,2020-03-01,0,0,0,1001
376,全国林草系统野生动物管控的“硬核”行动,耿国彪,绿色中国,2020-03-01,1,0,1,1001
377,声音,,绿色中国,2020-03-01,0,0,0,1001
378,新冠疫情之下林草人的责任与担当,耿国彪,绿色中国,2020-03-01,0,0,0,1001
379,2019年中国自然保护地十件大事揭晓,纳纹,绿色中国,2020-03-01,0,0,0,1001
380,要闻,,绿色中国,2020-03-01,0,0,0,1001
381,两个月，我们是这样扛过来的,崔芳,绿色中国,2020-03-01,0,0,0,1001
382,蓝兴龙 笔下生菩提 荷花静自开,耿国彪,绿色中国,2020-03-01,0,0,0,1001
383,一生只为一个角色,田雨,绿色中国,2020-03-01,0,0,0,1001
384,葛玉修 镜头里的生命呼唤,石盛楠,绿色中国,2020-03-01,0,0,0,1001
385,新冠疫情之下 怎样才能多一重保护,如刚,绿色中国,2020-03-01,1,0,1,1001
386,浅析公益类电视综艺节目的策划,孔令首,绿色中国,2020-03-01,0,0,0,1001
387,填补北京史空白的上宅文化遗址,张志国,绿色中国,2020-03-01,1,0,1,1001
388,第二届绿色中国理事会正式启动,文燕,绿色中国,2020-03-01,0,0,0,1001
389,第八届绿色中国美丽使者评选活动启动,,绿色中国,2020-03-01,0,0,0,1001
390,物种的演变与消失,耿国彪,绿色中国,2020-02-16,0,0,0,1001
391,他们坚守在火神山――记武汉火神山医院废物、废水处理运营团队的年轻人,王奎庭；岳富强；胡学敏,绿色中国,2020-02-16,0,0,0,1001
392,河南新县践行绿水青山就是金山银山案例,,绿色中国,2020-02-16,0,0,0,1001
393,乡村环境治理事关美丽中国建设大局,胡三,绿色中国,2020-02-16,0,0,0,1001
394,第二届绿色中国理事会正式启动,文燕,绿色中国,2020-02-16,0,0,0,1001
395,声音,,绿色中国,2020-02-16,0,0,0,1001
396,2700公里 驰援武汉的逆行司机,常白,绿色中国,2020-02-16,0,0,0,1001
397,长白山森工：飘扬在林区疫情防控一线的党旗,李文霄,绿色中国,2020-02-16,0,0,0,1001
398,战“疫”一线，广东林业人的责任与担当,张志国； 林荫,绿色中国,2020-02-16,0,0,0,1001
399,要闻,,绿色中国,2020-02-16,0,0,0,1001
400,数字,,绿色中国,2020-02-16,0,0,0,1001
401,来武汉 是我的一定和必然,黄少祥,绿色中国,2020-02-16,0,0,0,1001
402,战“疫”夫妻档,胡洪林,绿色中国,2020-02-16,0,0,0,1001
403,火神山建设的逆行者,陈玉桃,绿色中国,2020-02-16,0,0,0,1001
404,陈如刚 良心入方剂 诚信铸品牌,耿国彪,绿色中国,2020-02-16,0,0,0,1001
405,张雅青：旺顺阁的新冠疫情保卫战,张志国,绿色中国,2020-02-16,0,0,0,1001
406,大爱翻山海 山海皆可平,韩旭,绿色中国,2020-02-16,0,0,0,1001
407,穿着病号服的“白大褂夫妻”,温来生；贾子鹏,绿色中国,2020-02-16,0,0,0,1001
408,旅游景区如何在疫情中危中求机？,毕东林,绿色中国,2020-02-16,0,0,0,1001
409,疫情期间青少年如何保护好视力？,张志国,绿色中国,2020-02-16,0,0,0,1001
410,第八届绿色中国美丽使者评选活动启动,,绿色中国,2020-02-16,0,0,0,1001
411,疫情来袭 全民抗战,,绿色中国,2020-02-16,0,0,0,1001
412,湿地 生命因你而多情,耿国彪,绿色中国,2020-02-01,0,0,0,1001
413,海南长臂猿 家在何方？,耿国彪,绿色中国,2020-02-01,0,0,0,1001
414,湿地与生物多样性,金韬,绿色中国,2020-02-01,1,0,1,1001
415,今春北方沙尘会如何？,王君,绿色中国,2020-02-01,0,0,0,1001
416,加强森林资源保护 保障森林生态安全,,绿色中国,2020-02-01,0,0,0,1001
417,湿地 滋润我们的生命,,绿色中国,2020-02-01,0,0,0,1001
418,三江源国家公园 为子孙后代留一方“净土”,耿国彪,绿色中国,2020-02-01,0,0,0,1001
419,资讯,,绿色中国,2020-02-01,0,0,0,1001
420,国家林草局奖励2019年度科研团队,虎三,绿色中国,2020-02-01,0,0,0,1001
421,第四届中国绿化博览会8月在贵州举行,贵宣,绿色中国,2020-02-01,0,0,0,1001
422,完善监督保障制度 促进林业可持续发展,,绿色中国,2020-02-01,0,0,0,1001
423,守土有责 共筑林草系统防疫的铁壁铜墙,合力,绿色中国,2020-02-01,0,0,0,1001
424,我们相信 风雨过后春暖花开,皓天；国语,绿色中国,2020-02-01,0,0,0,1001
425,第二届绿色中国理事会正式启动,文燕,绿色中国,2020-02-01,0,0,0,1001
426,钱塘江 我愿是你的支流,贾建新,绿色中国,2020-02-01,0,0,0,1001
427,疫情袭来 一个村庄的生命守护,姚伟强,绿色中国,2020-02-01,0,0,0,1001
428,森林法的修订思路和基本制度,,绿色中国,2020-02-01,0,0,0,1001
429,刘郁：为了一线白衣天使多一层保障，拼了！,耿国彪,绿色中国,2020-02-01,0,0,0,1001
430,健全法律责任 提升执法效能,,绿色中国,2020-02-01,0,0,0,1001
431,声音,,绿色中国,2020-01-16,0,0,0,1001
432,数字,,绿色中国,2020-01-16,0,0,0,1001
433,山水相宜满眼春――我国生态扶贫采访纪实,耿国彪,绿色中国,2020-01-16,1,0,1,1001
434,乡村振兴须重视厕所革命,,绿色中国,2020-01-16,1,0,1,1001
435,山西右玉20任县委书记接力植树案例,刘思扬；张旭东；晏国政；王菲菲,绿色中国,2020-01-16,1,0,1,1001
436,2019年“中国森林旅游十件大事”发布,森选,绿色中国,2020-01-16,2,0,2,1001
437,发动全社会力量推进大规模国土绿化,,绿色中国,2020-01-16,0,0,0,1001
438,实行分类经营管理 实现森林资源永续利用,,绿色中国,2020-01-16,3,0,3,1001
439,明确森林权属 加强产权保护,,绿色中国,2020-01-16,0,0,0,1001
440,完善林木采伐制度 深入推进“放管服”改革,,绿色中国,2020-01-16,0,0,0,1001
441,熊猫宝宝贺新春,王淳；李传有,绿色中国,2020-01-16,0,0,0,1001
442,天地空一体化 监测东北虎豹,虎三,绿色中国,2020-01-16,1,0,1,1001
443,董史穗：董德白茶 懂得健康,耿国彪,绿色中国,2020-01-16,0,0,0,1001
444,吕杰 精工匠心 深耕适老家具,宋兹鹏,绿色中国,2020-01-16,0,0,0,1001
445,彭毓睿 续修家谱留住满族乡愁,温来生,绿色中国,2020-01-16,0,0,0,1001
446,“智慧养老”能否破解养老产业困局,胡三,绿色中国,2020-01-16,2,0,2,1001
447,以茶产业助力脱贫攻坚,鸿轩,绿色中国,2020-01-16,2,0,2,1001
448,第二届绿色中国理事会正式启动,文燕,绿色中国,2020-01-16,0,0,0,1001
449,要闻,,绿色中国,2020-01-16,0,0,0,1001
450,国家公园今年将揭开神秘面纱,艾琳,绿色中国,2020-01-01,0,0,0,1001
451,黄河流域生态保护和高质量发展成为国家战略,本刊编辑部,绿色中国,2020-01-01,0,0,0,1001
452,全国地级及以上城市全面启动垃圾分类推动绿色发展,本刊编辑部,绿色中国,2020-01-01,0,0,0,1001
453,亿利集团库布其治沙,,绿色中国,2020-01-01,0,0,0,1001
454,《关于建立以国家公园为主体的自然保护地体系指导意见》发布,本刊编辑部,绿色中国,2020-01-01,1,0,1,1001
455,嫦娥四号探测器实现人类首次月球背面软着陆和巡视勘察,本刊编辑部,绿色中国,2020-01-01,0,0,0,1001
456,四川省凉山州木里县森林火灾造成31人牺牲,本刊编辑部,绿色中国,2020-01-01,1,0,1,1001
457,要闻,,绿色中国,2020-01-01,0,0,0,1001
458,全力推进林草治理体系和治理能力现代化――全国林业和草原工作会议在北京召开,耿国彪,绿色中国,2020-01-01,1,0,1,1001
459,修订森林法 推动林业高质量发展――访国家林业和草原局副局长刘东生,耿国彪,绿色中国,2020-01-01,3,0,3,1001
460,小小油茶果成就千亿大产业,郭姐,绿色中国,2020-01-01,2,0,2,1001
461,陕西延安退耕还林20载山川黄变绿,,绿色中国,2020-01-01,2,0,2,1001
462,《好日子》讲述林业英雄孙建博的故事,卫轩,绿色中国,2020-01-01,0,0,0,1001
463,促进林业产业高质量发展――中国林产品商业化发展促进大会在京召开,金韬,绿色中国,2020-01-01,2,0,2,1001
464,数字,,绿色中国,2020-01-01,0,0,0,1001
465,“六老汉”三代人治沙造林先进群体被授予“时代楷模”称号,本刊编辑部,绿色中国,2020-01-01,0,0,0,1001
466,回望2019,,绿色中国,2020-01-01,0,0,0,1001
467,声音,,绿色中国,2020-01-01,0,0,0,1001
468,澳门回归祖国20周年,本刊编辑部,绿色中国,2020-01-01,0,0,0,1001
469,时隔20年《中华人民共和国森林法》再做修订,本刊编辑部,绿色中国,2020-01-01,0,0,0,1001
470,2019中国十大绿色事件,本刊编辑部,绿色中国,2020-01-01,0,0,0,1001
471,“农民院士”朱有勇:“要把论文写在大地上”,云言,绿色中国,2020-01-01,0,0,0,1001
472,为让周陵绿起来,铁铮,绿色中国,2020-01-01,0,0,0,1001
473,我与《新闻联播》,康辉,绿色中国,2020-01-01,0,0,0,1001
474,森林女神的《绿野行踪》,铁铮,绿色中国,2020-01-01,0,0,0,1001
475,太行沃土,程雪莉,绿色中国,2020-01-01,0,0,0,1001
476,一生一定要去一次林芝,王兮之；阿旺仁青,绿色中国,2020-01-01,0,0,0,1001
477,第二届绿色中国理事会正式启动,文燕,绿色中国,2020-01-01,0,0,0,1001
478,第八届绿色中国美丽使者评选活动启动,,绿色中国,2020-01-01,0,0,0,1001
479,隆重庆祝中华人民共和国成立70周年,本刊编辑部,绿色中国,2020-01-01,0,0,0,1001
480,2019北京世园会向世界绽放中国精彩,本刊编辑部,绿色中国,2020-01-01,0,0,0,1001
481,黑白色调里的彩色人生――四川成都熊猫基地侯蓉大熊猫研究案例,,绿色中国,2019-12-16,0,0,0,1001
482,朱q 从7到1000的生存跨越,,绿色中国,2019-12-16,0,0,0,1001
483,声音,,绿色中国,2019-12-16,0,0,0,1001
484,镌刻在兴安岭上的绿色誓言――内蒙古大兴安岭于海俊护林防火案例,,绿色中国,2019-12-16,0,0,0,1001
485,加强森林资源管理 不断提升森林质量,胡三,绿色中国,2019-12-16,0,0,0,1001
486,高青旺 开荒植绿“新愚公”,欣然,绿色中国,2019-12-16,0,0,0,1001
487,三大万亿级产业助力林业产业转型升级,金韬,绿色中国,2019-12-16,0,0,0,1001
488,要闻,,绿色中国,2019-12-16,0,0,0,1001
489,数字,,绿色中国,2019-12-16,0,0,0,1001
490,中国林业产业 新时代绿色发展的引领者,耿国彪,绿色中国,2019-12-16,1,0,1,1001
491,“一村万树”绿的不只是村庄,胡利娟,绿色中国,2019-12-16,0,0,0,1001
492,“一村万树”绿色期权让“叶子”变“票子”,田新元,绿色中国,2019-12-16,1,0,1,1001
493,第二届绿色中国理事会正式启动,文燕,绿色中国,2019-12-16,0,0,0,1001
494,绿色之子 王茂春,刘红；莫妍,绿色中国,2019-12-16,0,0,0,1001
495,黄河:做教育 需要有情怀,宋兹鹏,绿色中国,2019-12-16,0,0,0,1001
496,衢州柯城 绿色期权为美丽乡村赋能,王硕,绿色中国,2019-12-16,0,0,0,1001
497,一条母亲河的前世今生――大型音舞诗画《四季永定河》精彩绽放,景轩,绿色中国,2019-12-16,0,0,0,1001
498,家政未来 个性定制,郑智维,绿色中国,2019-12-16,0,0,0,1001
499,王家磨村京郊难得一见的“四美”森林乡村,杨振威,绿色中国,2019-12-16,0,0,0,1001
500,声音,,绿色中国,2019-12-01,0,0,0,1001
501,数字,,绿色中国,2019-12-01,0,0,0,1001
502,从柯城出发 绿色中国行走进绿美乡村,耿国彪,绿色中国,2019-12-01,0,0,0,1001
503,绿美乡村 魅力中国――绿色中国十人谈聚焦绿美乡村建设,耿国彪,绿色中国,2019-12-01,1,0,1,1001
504,第二届绿色中国理事会正式启动,文燕,绿色中国,2019-12-01,0,0,0,1001
505,第八届绿色中国美丽使者评选活动启动,,绿色中国,2019-12-01,0,0,0,1001
506,江西森林城市建设植绿植出幸福来,耿国彪,绿色中国,2019-12-01,0,0,0,1001
507,要闻,,绿色中国,2019-12-01,0,0,0,1001
508,衢州柯城 31个省市区代表共植“村长林”,耿国彪,绿色中国,2019-12-01,0,0,0,1001
509,唱响绿美乡村 歌咏美丽乡愁,耿国彪； 贾建新,绿色中国,2019-12-01,0,0,0,1001
510,2019森林城市建设座谈会在河南信阳召开,原封,绿色中国,2019-12-01,1,0,1,1001
511,湖北黄石 万亩矿山披绿装,耿国彪,绿色中国,2019-12-01,0,0,0,1001
512,践行“两山”理论推进国有林场转型发展森林康养,马朝洪,绿色中国,2019-12-01,3,0,3,1001
513,绿美乡村 让神州大地充满乡愁,,绿色中国,2019-12-01,0,0,0,1001
514,“一村万树” 种出乡村的美好生活,耿国彪,绿色中国,2019-12-01,1,0,1,1001
515,袁世祥：传承琉璃行业的中国梦,张志国,绿色中国,2019-12-01,0,0,0,1001
516,2019 我的绿色中国行,云朵；国语,绿色中国,2019-12-01,0,0,0,1001
517,科技创新 助力脱贫攻坚,晓园,绿色中国,2019-12-01,2,0,2,1001
518,冬天与“北极”有个约会,宋汜波；董新英；来玉良；刘心杨,绿色中国,2019-12-01,0,0,0,1001
519,国家公园体制越来越清晰,国际,绿色中国,2019-11-16,0,0,0,1001
520,中国自然保护国际论坛达成“深圳共识”,孙鹏,绿色中国,2019-11-16,0,0,0,1001
521,第二届绿色中国理事会正式启动,文燕,绿色中国,2019-11-16,0,0,0,1001
522,羊杰 售卖“空气罐头”的人,耿国彪,绿色中国,2019-11-16,0,0,0,1001
523,清洁能源助力 长江航运绿色发展,张锐,绿色中国,2019-11-16,0,0,0,1001
524,殷殷守护祖国北疆绿色长城――内蒙古阿尔山林业局张阔海森林防火案例,,绿色中国,2019-11-16,0,0,0,1001
525,要闻,,绿色中国,2019-11-16,0,0,0,1001
526,数字,,绿色中国,2019-11-16,0,0,0,1001
527,退耕还林还草助“绿”中国版图,胡三,绿色中国,2019-11-16,0,0,0,1001
528,用汗水浇灌百万亩林海――河北塞罕坝机械林场张向忠森林管护案例,,绿色中国,2019-11-16,0,0,0,1001
529,“苗”绘美丽中国,胡利娟,绿色中国,2019-11-16,0,0,0,1001
530,贵州森林康养好地方,胡利娟,绿色中国,2019-11-16,0,0,0,1001
531,绘就林草华章 筑牢生态屏障,夏宁,绿色中国,2019-11-16,0,0,0,1001
532,声音,,绿色中国,2019-11-16,0,0,0,1001
533,北京世园会向世界展示中国精彩,,绿色中国,2019-11-16,0,0,0,1001
534,郝向峰 十六年坚守 只为一粒好枸杞,张志国,绿色中国,2019-11-16,0,0,0,1001
535,建设工业互联网生态 推动我国制造业转型升级,高红卫,绿色中国,2019-11-16,2,0,2,1001
536,大兴安岭冬季旅游发展路径研究,,绿色中国,2019-11-16,0,0,0,1001
537,第八届绿色中国美丽使者评选活动启动,,绿色中国,2019-11-16,0,0,0,1001
538,王兴民 让更多的人吃上健康酱油,张志国； 贾建新,绿色中国,2019-11-16,0,0,0,1001
539,河北着力构建京津冀生态环境支撑区,田桂兰；孙阁,绿色中国,2019-11-16,1,0,1,1001
540,鄱阳湖的鸟知多少?,张志国； 叶学龄,绿色中国,2019-11-01,0,0,0,1001
541,李厚霖 为了爱 我愿意,张志国,绿色中国,2019-11-01,0,0,0,1001
542,壮丽70年 中国成为推动绿色发展的典范,,绿色中国,2019-11-01,0,0,0,1001
543,聚焦,,绿色中国,2019-11-01,0,0,0,1001
544,关于进一步完善南水北调(中线)生态补偿机制的几点建议,黎祖交,绿色中国,2019-11-01,2,0,2,1001
545,1.18万处自然保护地精彩集结,大地,绿色中国,2019-11-01,1,0,1,1001
546,第二届绿色中国理事会正式启动,文燕,绿色中国,2019-11-01,0,0,0,1001
547,“光热之都”德令哈 携手绿色中国行,耿国彪,绿色中国,2019-11-01,0,0,0,1001
548,绿色中国行唱响德令哈,耿国彪； 贾建新,绿色中国,2019-11-01,0,0,0,1001
549,要闻,,绿色中国,2019-11-01,0,0,0,1001
550,数字,,绿色中国,2019-11-01,0,0,0,1001
551,《绿色中国大讲堂》在德令哈市开讲,耿国彪,绿色中国,2019-11-01,0,0,0,1001
552,践行习近平生态文明思想典型案例之一:甘肃八步沙“六老汉”治沙造林案例,,绿色中国,2019-11-01,0,0,0,1001
553,八步沙见证一份绿色的承诺,,绿色中国,2019-11-01,0,0,0,1001
554,10万森林产品开启绿色盛宴 第12届中国义乌森博会开幕,国语空间,绿色中国,2019-11-01,0,0,0,1001
555,“林业英雄林”飘扬在祖国北疆,蓝明红,绿色中国,2019-11-01,0,0,0,1001
556,湖北创森 拥抱森林城市新时代,林宣,绿色中国,2019-11-01,1,0,1,1001
557,秋冬季是候鸟保护的关键时期,明月,绿色中国,2019-11-01,0,0,0,1001
558,声音,,绿色中国,2019-11-01,0,0,0,1001
559,"未来,从现在开始",敬一丹,绿色中国,2019-11-01,0,0,0,1001
560,生态学基础下舞蹈艺术技艺表现的主要特点,王金玉,绿色中国,2019-11-01,0,0,0,1001
561,微雨西湖,贾艺诺,绿色中国,2019-11-01,0,0,0,1001
562,丰宁坝上有条“京北第一天路”,孙阁；谷建辉,绿色中国,2019-11-01,0,0,0,1001
563,德令哈,耿国彪,绿色中国,2019-11-01,0,0,0,1001
564,巴塘 越走近越透明,贾建新,绿色中国,2019-11-01,0,0,0,1001
565,磐安 从绿水青山到金山银山的辩证法,李欣然,绿色中国,2019-10-16,0,0,0,1001
566,磐安:用绿水青山换来金山银山,朱智翔；晏利扬,绿色中国,2019-10-16,0,0,0,1001
567,建设森林城市 筑梦美丽中国,耿国彪,绿色中国,2019-10-16,1,0,1,1001
568,绿水青山间 逐梦“绿富美”,潘辉；应伊佩,绿色中国,2019-10-16,0,0,0,1001
569,森林城市 美丽中国建设重要标志,胡利娟,绿色中国,2019-10-16,1,0,1,1001
570,建设森林城市 拥抱绿色生活,,绿色中国,2019-10-16,0,0,0,1001
571,从金华出发 绿色中国行走进森林城市,耿国彪,绿色中国,2019-10-16,1,0,1,1001
572,森林里飞出了欢乐的歌,盘旋,绿色中国,2019-10-16,0,0,0,1001
573,磐安获践行“两山”理念突出贡献奖,初阳,绿色中国,2019-10-16,0,0,0,1001
574,磐安 你心中的诗和远方,潘辉；应羽淇；张傲,绿色中国,2019-10-16,1,0,1,1001
575,第八届绿色中国美丽使者评选活动启动,,绿色中国,2019-10-16,0,0,0,1001
576,第二届绿色中国理事会正式启动,文燕,绿色中国,2019-10-16,0,0,0,1001
577,磐安咏叹调,耿国彪,绿色中国,2019-10-16,0,0,0,1001
578,"来这里,身心两安――探索振兴乡村经济的磐安蝶变",王硕,绿色中国,2019-10-16,0,0,0,1001
579,一个山区小县的“大健康”梦想,蒋菡,绿色中国,2019-10-16,0,0,0,1001
580,第二届绿色中国理事会正式启动,文燕,绿色中国,2019-10-01,0,0,0,1001
581,坚持绿色发展 建设生态巴塘――“绿色中国十人谈”聚焦巴塘的绿色发展,耿国彪,绿色中国,2019-10-01,0,0,0,1001
582,“绿水青山看中国”生态文化主题宣传周开幕,张志国,绿色中国,2019-10-01,0,0,0,1001
583,数字,,绿色中国,2019-10-01,0,0,0,1001
584,壮丽70年 林草谱新篇,,绿色中国,2019-10-01,0,0,0,1001
585,三北工程:将沙海变成林海,黄俊毅,绿色中国,2019-10-01,2,0,2,1001
586,三北工程要作出新的更大的贡献,张炜,绿色中国,2019-10-01,0,0,0,1001
587,天保工程:把天然林都保护起来,黄俊毅,绿色中国,2019-10-01,3,0,3,1001
588,天然林保护任重而道远,金F,绿色中国,2019-10-01,1,0,1,1001
589,退耕还林还草 再造秀美山川,黄俊毅,绿色中国,2019-10-01,1,0,1,1001
590,给万里长江穿上绿色的盛装,黄俊毅,绿色中国,2019-10-01,0,0,0,1001
591,万里海疆绿意浓,黄俊毅,绿色中国,2019-10-01,0,0,0,1001
592,国家储备林:为未来储备绿色宝藏,孙鹏,绿色中国,2019-10-01,6,0,6,1001
593,神州万里绿意浓,,绿色中国,2019-10-01,0,0,0,1001
594,要闻,,绿色中国,2019-10-01,0,0,0,1001
595,王菲版《我和我的祖国》为什么也那么动听?,光头李进,绿色中国,2019-10-01,0,0,0,1001
596,我是大漠荒塬一棵树――记“人民楷模”国家荣誉称号获得者王有德,杨学农；李东梅；姜盼；刘楠,绿色中国,2019-10-01,0,0,0,1001
597,绿色中国行走进“高原江南”美丽巴塘,耿国彪,绿色中国,2019-10-01,0,0,0,1001
598,绿色中国行唱响高原藏区巴塘,耿国彪； 贾建新,绿色中国,2019-10-01,0,0,0,1001
599,绿色中国行文艺轻骑兵走进巴塘县红军小学,耿国彪,绿色中国,2019-10-01,0,0,0,1001
600,我在巴塘等你,耿国彪,绿色中国,2019-10-01,0,0,0,1001
601,生态扶贫任务已完成九成以上,吉祥,绿色中国,2019-10-01,1,0,1,1001
602,第八届绿色中国美丽使者评选活动启动,,绿色中国,2019-10-01,0,0,0,1001
603,五彩巴塘 扮靓藏区人民新生活,李欣然；耿国彪,绿色中国,2019-10-01,0,0,0,1001
604,声音,,绿色中国,2019-10-01,0,0,0,1001
605,开化 凝神静气做好一篇大“绿”文章,开宣,绿色中国,2019-09-16,0,0,0,1001
606,幸福开化:钱江源起的好地方,谭今琼,绿色中国,2019-09-16,0,0,0,1001
607,“天生丽质”也需“后天呵护” 解密浙江开化的“绿色密码”,王硕；齐波,绿色中国,2019-09-16,0,0,0,1001
608,开化长镜头,凯旋,绿色中国,2019-09-16,0,0,0,1001
609,"亚热带常绿阔叶林的世界之窗 钱江源,探路国家公园",吴妙丽；王世琪；祝旖波；吴莉莉,绿色中国,2019-09-16,1,0,1,1001
610,根宫佛国寻根探源,周俊宁,绿色中国,2019-09-16,0,0,0,1001
611,走进森林 让大自然成为青少年的课堂,,绿色中国,2019-09-16,1,0,1,1001
612,全国三亿青少年进森林公益活动启动,耿国彪,绿色中国,2019-09-16,0,0,0,1001
613,绿色中国自然大课堂钱江源开讲,黑客,绿色中国,2019-09-16,0,0,0,1001
614,走进森林 探秘自然――全国首条“三亿青少年进森林”研学教育线路发布,耿国彪,绿色中国,2019-09-16,0,0,0,1001
615,唱响国家公园 助力青少年森林探秘,耿国彪,绿色中国,2019-09-16,1,0,1,1001
616,认识自然 到绿色中国自然大课堂分享 “我和森林的故事”,耿国彪,绿色中国,2019-09-16,0,0,0,1001
617,绿色中国小记者正式开营,张志国,绿色中国,2019-09-16,0,0,0,1001
618,我国启动首次林草种质资源普查工作,农夫；宋峥,绿色中国,2019-09-01,0,0,0,1001
619,生态优先 逐绿前行――武威市深入推进全域生态文明建设纪实,张尚梅；甘曜毓,绿色中国,2019-09-01,0,0,0,1001
620,生态巡护织就神农架保护网,陈勇；翟兴波；郭裕铭,绿色中国,2019-09-01,0,0,0,1001
621,国家公园建设重质不重量,诗文,绿色中国,2019-09-01,0,0,0,1001
622,中国林业重要文化遗产评定标准初探,王乐；铁铮,绿色中国,2019-09-01,2,0,2,1001
623,退耕还林还草工程 助“绿”中国版图,,绿色中国,2019-09-01,0,0,0,1001
624,资讯,,绿色中国,2019-09-01,0,0,0,1001
625,凝聚新时代林草宣传的强大力量――全国林业草原宣传工作会议在甘肃武威召开,耿国彪； 贾建新,绿色中国,2019-09-01,0,0,0,1001
626,八步沙林场人的新愿望,李慧；宋喜群,绿色中国,2019-09-01,1,0,1,1001
627,郭万刚 为了绿色的承诺,耿国彪,绿色中国,2019-09-01,0,0,0,1001
628,退耕还林还草 绿了山川 富了百姓,小雅,绿色中国,2019-09-01,0,0,0,1001
629,促进亚太区域森林恢复和森林可持续管理――“一带一路”亚太区域林业合作研讨会举行,开局,绿色中国,2019-09-01,0,0,0,1001
630,国家森林步道 古道与自然交相辉映,胡三,绿色中国,2019-09-01,0,0,0,1001
631,为了那一片海上森林,陈惠陆；黄慧诚,绿色中国,2019-09-01,0,0,0,1001
632,野生动物救助 我们在行动,陈兆满,绿色中国,2019-09-01,0,0,0,1001
633,弘扬时代楷模精神 唱响武威绿色发展颂歌,耿国彪； 贾建新,绿色中国,2019-09-01,0,0,0,1001
634,爱(外一篇),白雪,绿色中国,2019-09-01,0,0,0,1001
635,生态巴中的三张名片,孙旭扬；孙阁,绿色中国,2019-09-01,0,0,0,1001
636,电视剧《圣地可可西里》开机,李彬庆,绿色中国,2019-09-01,0,0,0,1001
637,第二届绿色中国理事会正式启动,文燕,绿色中国,2019-09-01,0,0,0,1001
638,聚焦时代楷模 弘扬愚公精神 畅谈绿色发展――大型电视访谈节目“绿色中国十人谈:两山路上看变迁(武威篇)”聚焦时代楷模六老汉三代人治沙群体,耿国彪,绿色中国,2019-09-01,0,0,0,1001
639,六老汉和沙,耿国彪,绿色中国,2019-09-01,0,0,0,1001
640,绿水青山带笑颜,张厚美,绿色中国,2019-09-01,0,0,0,1001
641,《绿色中国大讲堂》彭水开讲,耿国彪,绿色中国,2019-08-16,0,0,0,1001
642,绿色金融和地方发展,王文,绿色中国,2019-08-16,0,0,0,1001
643,着力做好林草生态扶贫,郝学峰,绿色中国,2019-08-16,0,0,0,1001
644,赏世界苗乡 看养心彭水,张志国,绿色中国,2019-08-16,0,0,0,1001
645,民族地区摆脱贫困的彭水实践,钱建超,绿色中国,2019-08-16,0,0,0,1001
646,绿色发展是中华传统文化的重要组成部分――从传统节日中认知生态文明,李松,绿色中国,2019-08-16,0,0,0,1001
647,文旅融合:绘就世界苗乡新画卷,彭璇,绿色中国,2019-08-16,0,0,0,1001
648,苗乡放歌须纵酒 彭水青山恰故乡,,绿色中国,2019-08-16,0,0,0,1001
649,产业扶贫的重要途径之一构树扶贫工程,罗朝立,绿色中国,2019-08-16,1,0,1,1001
650,唱响苗乡 祝福祖国,建新,绿色中国,2019-08-16,0,0,0,1001
651,推动武陵山片区民族文化生态旅游脱贫,彭泽昌,绿色中国,2019-08-16,0,0,0,1001
652,苗乡彭水邀约世界,耿国彪,绿色中国,2019-08-16,0,0,0,1001
653,书画绘苗乡 墨香飘彭水,耿国彪,绿色中国,2019-08-16,0,0,0,1001
654,富士胶片（中国）携手绿色中国行组委会植绿科尔沁沙地,耿国彪,绿色中国,2019-08-01,0,0,0,1001
655,要闻,,绿色中国,2019-08-01,0,0,0,1001
656,绿色中国行活动再次向全球推介绿色七台河,耿国彪； 贾建新,绿色中国,2019-08-01,0,0,0,1001
657,关于“生态优先”的几个观点和建议,黎祖交,绿色中国,2019-08-01,0,0,0,1001
658,学习贯彻习近平生态文明思想 构筑我国北方重要生态安全屏障 中国生态文明（阿尔山）论坛举办,陈薇,绿色中国,2019-08-01,0,0,0,1001
659,第二届绿色中国理事会正式启动,文燕,绿色中国,2019-08-01,0,0,0,1001
660,翟筛红 鲁班传人 大国工匠,卢植,绿色中国,2019-08-01,0,0,0,1001
661,美丽的草原我的家,,绿色中国,2019-08-01,0,0,0,1001
662,加强草原保护修复 改善草原生态状况――全国草原工作会议在内蒙古锡林浩特召开,耿国彪； 宋峥,绿色中国,2019-08-01,3,0,3,1001
663,祁连山下草场绿,陈延特,绿色中国,2019-08-01,0,0,0,1001
664,杂草？荒地？草原比你想象的更重要,王硕,绿色中国,2019-08-01,1,0,1,1001
665,数字,,绿色中国,2019-08-01,0,0,0,1001
666,把所有天然林都保护起来 夯实建设美丽中国的根基――访国家林业和草原局副局长李树铭,耿国彪,绿色中国,2019-08-01,2,0,2,1001
667,《绿水青山就是金山银山》教材发布座谈会在京举行,张志国,绿色中国,2019-08-01,0,0,0,1001
668,声音,,绿色中国,2019-08-01,0,0,0,1001
669,煤城欢歌“我和我的祖国”唱响七台河,耿国彪； 贾建新,绿色中国,2019-08-01,0,0,0,1001
670,由“黑”转“绿”乌金之城的凤凰涅,耿国彪,绿色中国,2019-08-01,0,0,0,1001
671,音乐治疗在我国的现状分析与应用价值,姜一茗,绿色中国,2019-08-01,1,0,1,1001
672,《森林法》修订：进一步夯实守护绿水青山的法律基础,张一诺；刘盈含；曹红敏,绿色中国,2019-08-01,2,0,2,1001
673,初心不忘 坚定艺术方向,濮存昕； 吉蓓,绿色中国,2019-08-01,0,0,0,1001
674,生态江夏引来资本凤凰,盼盼,绿色中国,2019-08-01,0,0,0,1001
675,桃山香油 传承百年味道,温来生,绿色中国,2019-07-16,0,0,0,1001
676,让生态教育在课堂生根发芽,耿国彪,绿色中国,2019-07-16,0,0,0,1001
677,防治土地荒漠化 共建美丽家园,,绿色中国,2019-07-16,0,0,0,1001
678,在沙海里创造绿色奇迹,黄俊毅,绿色中国,2019-07-16,1,0,1,1001
679,垃圾分类要常抓不懈,建新,绿色中国,2019-07-16,0,0,0,1001
680,要闻,,绿色中国,2019-07-16,0,0,0,1001
681,声音,,绿色中国,2019-07-16,0,0,0,1001
682,荒漠生态系统的演变,耿国彪,绿色中国,2019-07-16,0,0,0,1001
683,与黄沙斗争的种子遍地生根,孙鹏,绿色中国,2019-07-16,0,0,0,1001
684,环京城的“月季项链”来自哪里？,胡利娟,绿色中国,2019-07-16,0,0,0,1001
685,从“破烂城市”蜕变“花园城市”――种树这件事，杭州真的拼,张朵,绿色中国,2019-07-16,0,0,0,1001
686,数字,,绿色中国,2019-07-16,0,0,0,1001
687,绿 北京的城市底色,胡利娟,绿色中国,2019-07-16,0,0,0,1001
688,加强养殖业抗生素监管 织起食品安全网,甘华田,绿色中国,2019-07-16,3,0,3,1001
689,警惕个人信息泄露,张安,绿色中国,2019-07-16,0,0,0,1001
690,石光银 治沙英雄的大漠雄心,胡三,绿色中国,2019-07-16,0,0,0,1001
691,一片丹心献石斛――记贵州安龙县铁皮石斛产业发展带头人孙墅东,刘久锋；王壹,绿色中国,2019-07-16,0,0,0,1001
692,赵曾学韫：慈善四十载 情怀暖人心,宋兹鹏,绿色中国,2019-07-16,0,0,0,1001
693,数字中国建设与中国梦,耿国彪,绿色中国,2019-07-16,3,0,3,1001
694,第二届绿色中国理事会正式启动,文燕,绿色中国,2019-07-16,0,0,0,1001
695,我国召开第25个世界防治荒漠化与干旱日纪念大会,耿国彪,绿色中国,2019-07-01,0,0,0,1001
696,防治土地荒漠化 推动绿色发展――写在第二十五个世界防治荒漠化和干旱日,张建龙,绿色中国,2019-07-01,0,0,0,1001
697,为全球生态治理贡献“中国智慧”,,绿色中国,2019-07-01,0,0,0,1001
698,联合国环境治理体制,郇庆治,绿色中国,2019-07-01,1,0,1,1001
699,生态民主,郇庆治,绿色中国,2019-07-01,2,0,2,1001
700,第二届绿色中国理事会正式启动,文燕,绿色中国,2019-07-01,0,0,0,1001
701,聚焦自然遗产保护 纵论保护地建设的中国方案――大型电视访谈节目绿色中国十人谈:“两山”路上看变迁(铜仁篇)举行,耿国彪,绿色中国,2019-07-01,0,0,0,1001
702,我国将承办湿地公约第十四届缔约方大会,时雨,绿色中国,2019-07-01,3,0,3,1001
703,花木连片成美景 生态建设创佳绩――许昌市自然资源和规划局建安区分局生态建设工作纪实,赵高伟；韩辉,绿色中国,2019-07-01,0,0,0,1001
704,声音,,绿色中国,2019-07-01,0,0,0,1001
705,数字,,绿色中国,2019-07-01,0,0,0,1001
706,要闻,,绿色中国,2019-07-01,0,0,0,1001
707,全国草原违法案件总量创五年新低,农夫,绿色中国,2019-07-01,0,0,0,1001
708,张建一:匠人匠心 征服世界的声音,秦诗言,绿色中国,2019-07-01,1,0,1,1001
709,给父亲的信,任鲁豫,绿色中国,2019-07-01,0,0,0,1001
710,黄河 伟大的归途,贾建新,绿色中国,2019-07-01,0,0,0,1001
711,"广东佛山,有一种绿叫富贵来袭",孙旭扬；孙阁,绿色中国,2019-07-01,0,0,0,1001
712,宁夏六月枸杞红,张志国,绿色中国,2019-07-01,1,0,1,1001
713,《松材线虫病生态灾害督办追责办法》出台,胡三,绿色中国,2019-07-01,0,0,0,1001
714,保护自然遗产 建设美丽中国――2019“文化和自然遗产日”全国主题宣传活动在铜仁举行,耿国彪,绿色中国,2019-07-01,0,0,0,1001
715,唱响美丽铜仁 助力自然遗产保护,耿国彪,绿色中国,2019-07-01,0,0,0,1001
716,护好梵净山讲好绿色铜仁发展故事,邓敏敏,绿色中国,2019-07-01,1,0,1,1001
717,今春沙尘天气次数强度低于近18年均值,胡三,绿色中国,2019-06-16,0,0,0,1001
718,加强农村环境治理 让绿水青山映照乡愁,卫民,绿色中国,2019-06-16,0,0,0,1001
719,“一村万树”：重塑乡村精气神,徐利水,绿色中国,2019-06-16,0,0,0,1001
720,中办国办印发《关于建立以国家公园为主体的自然保护地体系的指导意见》,,绿色中国,2019-06-16,9,0,9,1001
721,为经济社会可持续发展奠定生态根基――国家林草局有关负责人就《关于建立以国家公园为主体的自然保护地体系的指导意见》答记者问,耿国彪,绿色中国,2019-06-16,3,0,3,1001
722,冻原生态系统,蒋高明,绿色中国,2019-06-16,1,0,1,1001
723,生态系统承载力,蒋高明,绿色中国,2019-06-16,0,0,0,1001
724,第二届绿色中国理事会正式启动,文燕,绿色中国,2019-06-16,0,0,0,1001
725,2019北京世园会向世界绽放中国精彩,耿国彪,绿色中国,2019-06-16,0,0,0,1001
726,我国创造了世界生态建设奇迹,,绿色中国,2019-06-16,0,0,0,1001
727,阳光照在赤松林上,王奎庭；司继跃,绿色中国,2019-06-16,0,0,0,1001
728,中国森林覆盖率22.96%,王兮之,绿色中国,2019-06-16,18,0,18,1001
729,资讯,,绿色中国,2019-06-16,0,0,0,1001
730,庄长强 念好白茶中的“六妙经”,耿国彪,绿色中国,2019-06-16,0,0,0,1001
731,王超 那家花园的那些事,张志国,绿色中国,2019-06-16,0,0,0,1001
732,张旭 寻找儿时的枸杞记忆,张志国,绿色中国,2019-06-16,0,0,0,1001
733,春意在夕佳,朱小平,绿色中国,2019-06-16,0,0,0,1001
734,从北京世园会河北展园看燕赵花秀,梁媛；孙阁,绿色中国,2019-06-16,0,0,0,1001
735,张泓 我爱梵净山的一草一木,张志国,绿色中国,2019-06-01,0,0,0,1001
736,做好垃圾分类推动绿色发展,,绿色中国,2019-06-01,0,0,0,1001
737,对生产力理论的重大发展――学习习近平总书记关于保护和改善生态环境就是保护和发展生产力的论述,黎祖交,绿色中国,2019-06-01,3,0,3,1001
738,全国松材线虫病疫木检疫执法专项行动启动,金韬,绿色中国,2019-06-01,1,0,1,1001
739,资讯,,绿色中国,2019-06-01,0,0,0,1001
740,林草科技 聚焦人与自然和谐共生――2019年全国林业和草原科技活动周在京启动,耿国彪,绿色中国,2019-06-01,0,0,0,1001
741,国家林业和草原局管理干部学院原山分院揭牌,张志国,绿色中国,2019-06-01,0,0,0,1001
742,2019国家级林业重点展会将陆续亮相,耿国彪,绿色中国,2019-06-01,0,0,0,1001
743,北京世园会国际竞赛将接续登场,耿国彪,绿色中国,2019-06-01,0,0,0,1001
744,实木家居之都迎来绿色盛会――绿色中国行走进美丽南康暨中国(赣州)第六届家具产业博览会开幕,耿国彪,绿色中国,2019-06-01,0,0,0,1001
745,纵论南康家具产业的转型升级――绿色中国十人谈:“两山”路上看变迁(南康篇)聚焦两山思想的南康实践,耿国彪,绿色中国,2019-06-01,1,0,1,1001
746,绿色歌声唱响中国实木家居之都,耿国彪,绿色中国,2019-06-01,0,0,0,1001
747,南康家具产业:以绿色打造源头活水,张志国； 贾建新,绿色中国,2019-06-01,1,0,1,1001
748,于文华 用歌声连通古今,于文华,绿色中国,2019-06-01,0,0,0,1001
749,血色樱桃,康胜利,绿色中国,2019-06-01,0,0,0,1001
750,献礼电影《周恩来回延安》在京首映,耿国彪,绿色中国,2019-06-01,0,0,0,1001
751,绿色中国公益明星 唱响爱国心声 致敬护理事业,阿英,绿色中国,2019-06-01,0,0,0,1001
752,周艳泓 感恩伯乐付林 致敬农村支教老师,张志国,绿色中国,2019-06-01,0,0,0,1001
753,推进高校博物馆绿色化发展的思考,田阳,绿色中国,2019-06-01,0,0,0,1001
754,碳谷绿金是淮北,铁铮,绿色中国,2019-06-01,0,0,0,1001
755,麦收思吾乡:故乡的麦田 故乡的粮,姚宁,绿色中国,2019-06-01,0,0,0,1001
756,第二届绿色中国理事会正式启动,文燕,绿色中国,2019-06-01,0,0,0,1001
757,第八届绿色中国美丽使者评选活动启动,,绿色中国,2019-06-01,0,0,0,1001
758,关注森林活动20年 生态文明建设谱新篇,,绿色中国,2019-05-16,0,0,0,1001
759,鹦哥岭上的青春之歌,海盐,绿色中国,2019-05-16,0,0,0,1001
760,八步沙见证一份绿色的承诺,武宣,绿色中国,2019-05-16,0,0,0,1001
761,关注森林活动20周年总结表彰大会在京举行 李斌出席并讲话,,绿色中国,2019-05-16,0,0,0,1001
762,从一棵树到一片“海”――塞罕坝生态文明建设范例启示录,陈二厚；张洪河；赵超；曹国厂；于佳欣,绿色中国,2019-05-16,0,0,0,1001
763,关注森林活动20周年简要回顾和下一步重点工作安排,张建龙,绿色中国,2019-05-16,0,0,0,1001
764,为人民抒怀 为生态文明讴歌,郭靖宇,绿色中国,2019-05-16,0,0,0,1001
765,为凝聚新时代关注森林的伟力不懈努力,顾仲阳,绿色中国,2019-05-16,0,0,0,1001
766,关注森林活动20周年总结表彰大会举行,,绿色中国,2019-05-16,0,0,0,1001
767,关注森林活动20周年总结表彰大会在京举行,,绿色中国,2019-05-16,0,0,0,1001
768,关注森林活动20周年总结表彰大会召开,,绿色中国,2019-05-16,0,0,0,1001
769,关注森林活动20周年总结表彰大会召开,,绿色中国,2019-05-16,0,0,0,1001
770,生态公益型 林场的样板,卫东,绿色中国,2019-05-16,0,0,0,1001
771,关注森林活动20周年突出贡献单位和个人名单,,绿色中国,2019-05-16,0,0,0,1001
772,第八届绿色中国美丽使者评选活动启动,,绿色中国,2019-05-16,0,0,0,1001
773,绿水青山映初心 走进“两山”理念发源地安吉余村,吴越,绿色中国,2019-05-16,0,0,0,1001
774,第二届绿色中国理事会正式启动,文燕,绿色中国,2019-05-16,0,0,0,1001
775,大写的绿・大写的人――山西右玉绿化见闻录,王兮之,绿色中国,2019-05-16,0,0,0,1001
776,亿利人的治沙路,李美霞,绿色中国,2019-05-16,0,0,0,1001
777,突出产业创新 打造“两山”实践升级版――浙江衢州着力探索有自身特色的“两山”实践路径,,绿色中国,2019-05-01,1,0,1,1001
778,鄂尔多斯:行进在“绿色发展”的春天里,孟瑞林；马利军,绿色中国,2019-05-01,0,0,0,1001
779,生态现代化,杨志华； 李建波,绿色中国,2019-05-01,0,0,0,1001
780,世界地球日:神农架“生态课”走进清华大学,张珊珊；王欣；向平洋；文洁,绿色中国,2019-05-01,0,0,0,1001
781,生态文明呼唤一种生态人,王治河,绿色中国,2019-05-01,2,0,2,1001
782,会呼吸的“竹之眼”闪亮北京世园会,耿国彪,绿色中国,2019-05-01,1,0,1,1001
783,声音,,绿色中国,2019-05-01,0,0,0,1001
784,中央宣传部授予甘肃省古浪县八步沙林场“六老汉”三代人治沙造林先进群体“时代楷模”称号,,绿色中国,2019-05-01,1,0,1,1001
785,让荒漠变绿洲的接续奋斗者,,绿色中国,2019-05-01,0,0,0,1001
786,数字,,绿色中国,2019-05-01,0,0,0,1001
787,林草系统开展向八步沙三代人学习活动,,绿色中国,2019-05-01,0,0,0,1001
788,要闻,,绿色中国,2019-05-01,0,0,0,1001
789,八步沙・六老汉・三代人,任卫东； 姜伟超； 文静； 张睿,绿色中国,2019-05-01,1,0,1,1001
790,用愚公精神创造生命奇迹――甘肃古浪六老汉播绿八步沙的故事,宋喜群； 王雯静,绿色中国,2019-05-01,1,0,1,1001
791,六老汉封沙造林 三代人接力守绿,李琛奇； 陈发明,绿色中国,2019-05-01,0,0,0,1001
792,八步沙 三代治沙人的绿色梦想,耿国彪,绿色中国,2019-05-01,0,0,0,1001
793,绿化神州大地 建设美丽中国――2019年共和国部长义务植树活动在京举行,张志国； 吴兆,绿色中国,2019-05-01,0,0,0,1001
794,青海 三年行动提升三江源头绿色颜值,青宣,绿色中国,2019-05-01,0,0,0,1001
795,从沙赶人到人赶沙 六老汉 三代人 一片绿,董洪亮； 孔祥武； 付文,绿色中国,2019-05-01,0,0,0,1001
796,温铁军 踏遍乡村心未老,郑心仪,绿色中国,2019-05-01,1,0,1,1001
797,一个中年女演员的尬与惑,姚晨,绿色中国,2019-05-01,0,0,0,1001
798,献礼影片《周恩来回延安》定档5月15日,张志国,绿色中国,2019-05-01,0,0,0,1001
799,首部木雕题材电影《匠心》在京首映,耿国彪,绿色中国,2019-05-01,0,0,0,1001
800,拥抱大自然 让北京的春天更美丽,陈俊廷,绿色中国,2019-05-01,0,0,0,1001
801,第二届绿色中国理事会正式启动,文燕,绿色中国,2019-05-01,0,0,0,1001
802,我国世界地质公园数量世界第一,胡三,绿色中国,2019-04-16,0,0,0,1001
803,中国应对全球气候变化政策,郇庆治,绿色中国,2019-04-16,2,0,2,1001
804,生物质能源让废弃物成为新能源主力军,朱莉,绿色中国,2019-04-16,0,0,0,1001
805,生态道德,廖福霖,绿色中国,2019-04-16,3,0,3,1001
806,绿水青山就是金山银山的辩证法,默示,绿色中国,2019-04-16,1,0,1,1001
807,国家林业和草原局部署春季森林草原防火工作,吴文,绿色中国,2019-04-16,0,0,0,1001
808,天保工程:4000亿元投入换来2.75亿亩公益林,耿国彪,绿色中国,2019-04-16,2,0,2,1001
809,国际森林城市发展给中国的启示,铁铮,绿色中国,2019-04-16,1,0,1,1001
810,国家林草局首次开展森林草原联合执法专项行动,苗使,绿色中国,2019-04-16,0,0,0,1001
811,国家林草局:禁止在生态功能重要区建设风电场,和市,绿色中国,2019-04-16,0,0,0,1001
812,建立以国家公园为主体的自然保护地体系,,绿色中国,2019-04-16,0,0,0,1001
813,资讯,,绿色中国,2019-04-16,0,0,0,1001
814,25个部门联手打击野生动植物非法贸易,时雨,绿色中国,2019-04-16,2,0,2,1001
815,别把保护鸟当成是林草局一家的事儿,孙阁,绿色中国,2019-04-16,0,0,0,1001
816,愿逐月华流照君,夏至,绿色中国,2019-04-16,0,0,0,1001
817,第二届绿色中国理事会正式启动,文燕,绿色中国,2019-04-16,0,0,0,1001
818,第八届绿色中国美丽使者评选活动启动,,绿色中国,2019-04-16,0,0,0,1001
819,身在福州最知福,孙旭扬；孙阁,绿色中国,2019-04-16,0,0,0,1001
820,奏响新时代乡村振兴的交响曲――首届乡村振兴论坛在北京召开,胡三,绿色中国,2019-04-16,0,0,0,1001
821,白茶之乡举办首届敬茶节,福相,绿色中国,2019-04-16,0,0,0,1001
822,北京―涞源“白石山”京津冀文化旅游班列即将开通,张志国,绿色中国,2019-04-16,0,0,0,1001
823,北宋时期的宋学对宋代金石学发展的影响,杨思炯,绿色中国,2019-04-16,0,0,0,1001
824,李奇:复活北冰洋 唤醒北京人的清爽记忆,张志国,绿色中国,2019-04-16,0,0,0,1001
825,汪国武 让“白日梦”成“花果山”,高志民,绿色中国,2019-04-16,0,0,0,1001
826,筑牢美丽中国的根基,,绿色中国,2019-04-01,0,0,0,1001
827,上下同心 共绘美丽中国,耿国彪,绿色中国,2019-04-01,0,0,0,1001
828,生态需要,廖福霖,绿色中国,2019-04-01,0,0,0,1001
829,百色:红色圣地 绿色家园,孙旭扬；孙阁,绿色中国,2019-04-01,0,0,0,1001
830,第二届绿色中国理事会正式启动,文燕,绿色中国,2019-04-01,0,0,0,1001
831,让草原成为农牧民的美丽家园,耿国彪,绿色中国,2019-04-01,0,0,0,1001
832,美丽中国建设是国家林草局的使命与担当――访全国政协常委、国家林业和草原局副局长刘东生,缪宏；耿国彪,绿色中国,2019-04-01,1,0,1,1001
833,要闻,,绿色中国,2019-04-01,0,0,0,1001
834,加强生态教育 推进绿色发展――2019年“国际森林日”植树纪念活动在北京举行,耿国彪,绿色中国,2019-04-01,0,0,0,1001
835,声音,,绿色中国,2019-04-01,0,0,0,1001
836,数字,,绿色中国,2019-04-01,0,0,0,1001
837,攻坚克难 坚决打赢脱贫攻坚战,耿国彪,绿色中国,2019-04-01,0,0,0,1001
838,深入推进“大花园”建设 打造“两山”实践的衢州样本――访全国人大代表、中共衢州市委书记徐文光,缪宏,绿色中国,2019-04-01,1,0,1,1001
839,石红:做湘西和民族文化的代言人,耿国彪,绿色中国,2019-04-01,0,0,0,1001
840,建真言 谋良策,耿国彪,绿色中国,2019-04-01,0,0,0,1001
841,"遥远的""她""",李宽,绿色中国,2019-04-01,0,0,0,1001
842,吴国升主席的“余东农民画”情结,柯正谐,绿色中国,2019-04-01,0,0,0,1001
843,现代教育目标的反思――小约翰・柯布博士“生态文明教育”哈尔滨巡讲侧记,樊淑燕,绿色中国,2019-04-01,0,0,0,1001
844,乡村振兴 让生活更美好――第七届北京农业嘉年华异彩纷呈,张志国；康宏亮,绿色中国,2019-04-01,1,0,1,1001
845,坚持生态优先 推进绿色发展,耿国彪,绿色中国,2019-03-16,1,0,1,1001
846,刘玉清 以百年鑫丰呵护心尖上的绿色和民生,耿国彪,绿色中国,2019-03-16,0,0,0,1001
847,要闻,,绿色中国,2019-03-16,0,0,0,1001
848,中国造林 助推地球变绿,,绿色中国,2019-03-16,0,0,0,1001
849,数字,,绿色中国,2019-03-16,0,0,0,1001
850,营造绿水青山 建设美丽中国――访全国绿化委员会副主任、国家林业和草原局局长张建龙,耿国彪,绿色中国,2019-03-16,0,0,0,1001
851,首枚中国植树节纪念邮票在京发布,胡三,绿色中国,2019-03-16,0,0,0,1001
852,森林资源管理与生态文明建设暨《森林・环境与管理》丛书研讨会在京召开,西平,绿色中国,2019-03-16,0,0,0,1001
853,石家庄有这样一伙保护动物的志愿者,孙旭扬；孙阁,绿色中国,2019-03-16,0,0,0,1001
854,2018绿色中国年度焦点人物评选活动启动,,绿色中国,2019-03-16,0,0,0,1001
855,声音,,绿色中国,2019-03-16,0,0,0,1001
856,2019中国经济如何爬坡过坎平稳前行,耿国彪,绿色中国,2019-03-16,0,0,0,1001
857,《外商投资法》给外商吃了“定心丸”,耿国彪,绿色中国,2019-03-16,0,0,0,1001
858,"卓长立 党的阳光,照亮了妇女的就业创业之路",胡洪林；刘祺；国语,绿色中国,2019-03-16,0,0,0,1001
859,"全国政协委员李生龙 促进“三治”融合,健全乡村治理体系",盛学友,绿色中国,2019-03-16,2,0,2,1001
860,建真言 谋良策 为新时代发展凝心聚力,,绿色中国,2019-03-16,0,0,0,1001
861,代表委员点赞《绿色中国》“两会专刊”,耿国彪,绿色中国,2019-03-16,0,0,0,1001
862,冰天雪地也是金山银山――第16届国际冰雪汽车越野赛在中国最北漠河挥旗开赛,王景阳,绿色中国,2019-03-16,0,0,0,1001
863,梦游天一阁,周佳颖,绿色中国,2019-03-16,0,0,0,1001
864,第二届绿色中国理事会正式启动,文燕,绿色中国,2019-03-16,0,0,0,1001
865,第八届绿色中国美丽使者评选活动启动,,绿色中国,2019-03-16,0,0,0,1001
866,第二届绿色中国理事会正式启动,文燕,绿色中国,2019-03-01,0,0,0,1001
867,要闻,,绿色中国,2019-03-01,0,0,0,1001
868,生态福祉,廖福霖,绿色中国,2019-03-01,1,0,1,1001
869,让绿色发展成为未来的希望,,绿色中国,2019-03-01,0,0,0,1001
870,声音,,绿色中国,2019-03-01,0,0,0,1001
871,鑫丰梦 民生梦 绿色梦,耿国彪,绿色中国,2019-03-01,0,0,0,1001
872,森林认证能带给您哪些收益,,绿色中国,2019-03-01,0,0,0,1001
873,数字,,绿色中国,2019-03-01,0,0,0,1001
874,全力推进林业草原事业高质量发展――访全国政协委员、国家林业和草原局局长张建龙,耿国彪,绿色中国,2019-03-01,1,0,1,1001
875,中国科学家破译蔡伦造纸原料植物构树基因组,沈世华；彭献军,绿色中国,2019-03-01,0,0,0,1001
876,关于发展木本饲料、实施“林―饲―畜(禽)”一体化战略的几点建议――以杂交构树为例,黎祖交,绿色中国,2019-03-01,2,0,2,1001
877,朱有勇 文写在贫困大地上的“农民教授”,云霓,绿色中国,2019-03-01,1,0,1,1001
878,刘蕾 做好赫哲族的代言人,耿国彪,绿色中国,2019-03-01,0,0,0,1001
879,“云岭楷模”谭德才 一心为民拔穷根,张志国,绿色中国,2019-03-01,0,0,0,1001
880,刘启俊:践行绿色发展 守护国家公园,张志国,绿色中国,2019-03-01,0,0,0,1001
881,圆梦走长白看水秀、绿美、嫣红,孙旭扬；孙阁,绿色中国,2019-03-01,0,0,0,1001
882,邹彬 新时代的大国工匠,耿国彪,绿色中国,2019-03-01,0,0,0,1001
883,写于60岁前夕:无用方得从容,陈道明,绿色中国,2019-03-01,0,0,0,1001
884,春天的马拉松,知否,绿色中国,2019-03-01,0,0,0,1001
885,做先锋树旗帜 履职永远在路上――访十三届全国人大代表、林业英雄孙建博,张志国,绿色中国,2019-03-01,0,0,0,1001
886,让循环经济服务海西民生――访全国人大代表、青海省海西州州长、柴达木循环经济试验区管委会主任孟海,胡三,绿色中国,2019-03-01,0,0,0,1001
887,张光北:老戏骨 新委员,张志国,绿色中国,2019-03-01,0,0,0,1001
888,福鼎 在山海间打捞民间文化的珠贝,耿国彪,绿色中国,2019-03-01,0,0,0,1001
889,合理利用草原 谱写草原保护新篇章,建新,绿色中国,2019-03-01,3,0,3,1001
890,2018绿色中国年度焦点人物评选活动启动,,绿色中国,2019-03-01,0,0,0,1001
891,2019年“世界野生动植物日”主题活动在宁波举行,胡选,绿色中国,2019-02-16,0,0,0,1001
892,湿地保护 全人类的共同责任,,绿色中国,2019-02-16,0,0,0,1001
893,湿地 人类健康的未来,水波,绿色中国,2019-02-16,2,0,2,1001
894,林长制 下活安徽生态“一盘棋”,耿国彪,绿色中国,2019-02-16,0,0,0,1001
895,生态文明与小康社会建设,余谋昌,绿色中国,2019-02-16,0,0,0,1001
896,生态文明与可持续发展,余谋昌,绿色中国,2019-02-16,10,0,10,1001
897,生态文明与中国特色社会主义,余谋昌,绿色中国,2019-02-16,1,0,1,1001
898,2018年中国自然保护地十件大事发布,胡三,绿色中国,2019-02-16,0,0,0,1001
899,海南:悉心呵护“地球之肺”,黄俊毅,绿色中国,2019-02-16,0,0,0,1001
900,防治松材线虫病 让森林重回健康,耿国彪,绿色中国,2019-02-16,3,0,3,1001
901,福建:实现绿水青山到金山银山的有机转变,秀英,绿色中国,2019-02-16,0,0,0,1001
902,森林深度游还缺啥,黄俊毅,绿色中国,2019-02-16,0,0,0,1001
903,国家林草局印发林草产业发展指导意见,林宣,绿色中国,2019-02-16,0,0,0,1001
904,四部门联合发文促进森林康养产业发展,林宣,绿色中国,2019-02-16,9,0,9,1001
905,要闻,,绿色中国,2019-02-16,0,0,0,1001
906,声音,,绿色中国,2019-02-16,0,0,0,1001
907,数字,,绿色中国,2019-02-16,0,0,0,1001
908,吴永波 爱让星光璀璨,张志国,绿色中国,2019-02-16,0,0,0,1001
909,李军 全媒体矩阵的影视营销之道,张志国,绿色中国,2019-02-16,0,0,0,1001
910,昝凤华 弃牛种菜有“钱”景,温来生,绿色中国,2019-02-16,0,0,0,1001
911,云山林海秀峨眉,孙阁；孙旭扬,绿色中国,2019-02-16,1,0,1,1001
912,第二届绿色中国理事会正式启动,文燕,绿色中国,2019-02-16,0,0,0,1001
913,让湿地成为应对气候变化的一把金钥匙,,绿色中国,2019-02-01,0,0,0,1001
914,我国各类自然保护地已达1.18万处,,绿色中国,2019-02-01,4,0,4,1001
915,生态道德,廖福霖,绿色中国,2019-02-01,1,0,1,1001
916,生态优先,廖福霖,绿色中国,2019-02-01,0,0,0,1001
917,湿地应对气候变化――2019年世界湿地日中国主场宣传活动在海口市举办,胡三,绿色中国,2019-02-01,0,0,0,1001
918,美丽中国・我是行动者――“指尖上的环保”公益活动收集图片5万余张,张志国,绿色中国,2019-02-01,0,0,0,1001
919,我国将加快推进国家公园体制试点,,绿色中国,2019-02-01,0,0,0,1001
920,共筑中国梦 文化进万家――“我们的中国梦”文化进万家活动走进常德中建五局,耿国彪,绿色中国,2019-02-01,0,0,0,1001
921,国家林业和草原局多举措防治松材线虫病疫情,,绿色中国,2019-02-01,1,0,1,1001
922,资讯,,绿色中国,2019-02-01,0,0,0,1001
923,凝心聚力 开创林业和草原工作新局面――全国林业和草原工作会议在安徽合肥召开,耿国彪；刘波,绿色中国,2019-02-01,0,0,0,1001
924,我国4612个国有林场改革任务基本完成,,绿色中国,2019-02-01,0,0,0,1001
925,我国林业产业总产值达7.33万亿元,,绿色中国,2019-02-01,1,0,1,1001
926,全国17个省份开展林长制改革试点,,绿色中国,2019-02-01,0,0,0,1001
927,2019年全国计划营造林1亿亩,,绿色中国,2019-02-01,0,0,0,1001
928,国家林业和草原局举行春节团拜会,耿国彪,绿色中国,2019-02-01,0,0,0,1001
929,北京市打破传统模式 义务植树尽责全年皆可实现,许云飞,绿色中国,2019-02-01,0,0,0,1001
930,2018绿色中国年度焦点人物评选活动启动,,绿色中国,2019-02-01,0,0,0,1001
931,书写新时代 万福进万家――“同心同书・祖国新春好”书法文化惠民公益活动走进唐山侧记,耿国彪,绿色中国,2019-02-01,0,0,0,1001
932,陈晓卿:从舌尖上的中国到舌尖上的世界,王晶晶,绿色中国,2019-02-01,3,0,3,1001
933,做人要快乐,马德华,绿色中国,2019-02-01,0,0,0,1001
934,为什么说诗画双璧的天台山是中国第一诗山?,吕新景,绿色中国,2019-02-01,0,0,0,1001
935,做个张家界人很有福,孙旭扬；孙阁,绿色中国,2019-02-01,0,0,0,1001
936,潍坊滨海:一座现代化海滨城市的崛起与突破,张顺军；赵健雄,绿色中国,2019-02-01,0,0,0,1001
937,“2018年中国森林旅游十件大事”发布,张顺军,绿色中国,2019-02-01,4,0,4,1001
938,千里送毛衣 大爱暖童心,冯磊,绿色中国,2019-02-01,0,0,0,1001
939,我国上市公司环境信息披露总体水平略有上升,张志国,绿色中国,2019-02-01,2,0,2,1001
940,猪年说猪,国语宗荷,绿色中国,2019-02-01,0,0,0,1001
941,剪窗花,刘新叶,绿色中国,2019-02-01,0,0,0,1001
942,第二届绿色中国理事会正式启动,文燕,绿色中国,2019-02-01,0,0,0,1001
943,第八届绿色中国美丽使者评选活动启动,,绿色中国,2019-02-01,0,0,0,1001
944,"你用纸,我种树 实践绿色循环,这是我们的使命",,绿色中国,2019-02-01,0,0,0,1001
945,2018年中国野生动植物保护十件大事发布,耿国彪,绿色中国,2019-01-16,0,0,0,1001
946,厚植绿水青山 严守自然资源――神农架国家公园2年试点交出答卷,王欣；张珊珊,绿色中国,2019-01-16,0,0,0,1001
947,政府环境政策,郇庆治,绿色中国,2019-01-16,0,0,0,1001
948,左翼政党环境转向,郇庆治,绿色中国,2019-01-16,1,0,1,1001
949,河长制书写生态治理的大文章,,绿色中国,2019-01-16,0,0,0,1001
950,重庆将建500万亩国家储备林基地,胡三,绿色中国,2019-01-16,0,0,0,1001
951,数字,,绿色中国,2019-01-16,0,0,0,1001
952,一个人和他的三个名字,孙旭扬；孙阁,绿色中国,2019-01-16,0,0,0,1001
953,硝烟中的“红色电波”,温来生；李炎,绿色中国,2019-01-16,0,0,0,1001
954,"“北京榜样”姚宁 十年公益路,点亮山里娃心中的灯",张志国,绿色中国,2019-01-16,0,0,0,1001
955,马靖轩、智涛 新歌一曲温暖数万名快递小哥,张志国,绿色中国,2019-01-16,0,0,0,1001
956,梦归辽河源,孙阁；孙旭扬；宋占勇,绿色中国,2019-01-16,0,0,0,1001
957,吴氏宗祠 传承厚重历史文化的精神家园,吴渭明,绿色中国,2019-01-16,0,0,0,1001
958,探访史铁生旧居和他的“清平湾”,祁建,绿色中国,2019-01-16,0,0,0,1001
959,《冬之心》寒冷中透彻的温情,夏至,绿色中国,2019-01-16,0,0,0,1001
960,冬日有味是儿时,朱小平,绿色中国,2019-01-16,0,0,0,1001
961,第二届绿色中国理事会正式启动,文燕,绿色中国,2019-01-16,0,0,0,1001
962,要闻,,绿色中国,2019-01-16,0,0,0,1001
963,声音,,绿色中国,2019-01-16,0,0,0,1001
964,汪小菲爱与责任,张志国,绿色中国,2019-01-16,0,0,0,1001
965,刘瑞强 勇做中国冰雪旅游产业发展的擎旗人,赵洪军,绿色中国,2019-01-16,0,0,0,1001
966,贾海文 努力当好怀来旅游业发展的带头人,张志国,绿色中国,2019-01-16,0,0,0,1001
967,王富田 无法割舍的木匠情结,温来生,绿色中国,2019-01-16,0,0,0,1001
968,云南元阳建水的慢刻生活,廖健邦；卢维前；邓广基,绿色中国,2019-01-01,0,0,0,1001
969,习近平出席全国生态环境保护大会并发表重要讲话,本刊编辑部,绿色中国,2019-01-01,5,0,5,1001
970,我国石漠化土地扩展趋势实现逆转,本刊编辑部,绿色中国,2019-01-01,0,0,0,1001
971,生态扶贫是一个战场上的两场战役,耿国彪,绿色中国,2019-01-01,0,0,0,1001
972,生态文明建设领导体制,郇庆治,绿色中国,2019-01-01,1,0,1,1001
973,生态新人,郇庆治,绿色中国,2019-01-01,2,0,2,1001
974,在深圳体验绿色慢生活,孙阁,绿色中国,2019-01-01,0,0,0,1001
975,资讯,,绿色中国,2019-01-01,0,0,0,1001
976,第四届世界人工林大会在北京举行,本刊编辑部,绿色中国,2019-01-01,0,0,0,1001
977,三北工程40年 用无边绿色书写中国梦,本刊编辑部,绿色中国,2019-01-01,0,0,0,1001
978,2万个国家森林乡村助力我国乡村绿化美化,耿国彪,绿色中国,2019-01-01,1,0,1,1001
979,我国重点国有林区改革取得重要突破,耿国彪,绿色中国,2019-01-01,3,0,3,1001
980,林业文化与自然遗产保护进入新时期,铁铮,绿色中国,2019-01-01,0,0,0,1001
981,林业英雄孙建博再添殊荣――荣膺山东省庆祝改革开放40周年感动山东人物称号,张志国,绿色中国,2019-01-01,0,0,0,1001
982,中国林草教育2018年大事喜事多,铁铮,绿色中国,2019-01-01,0,0,0,1001
983,2018绿色中国年度焦点人物评选活动启动,,绿色中国,2019-01-01,0,0,0,1001
984,"2019,我们一起奋斗",,绿色中国,2019-01-01,0,0,0,1001
985,2018中国十大绿色事件,本刊编辑部,绿色中国,2019-01-01,0,0,0,1001
986,我国隆重纪念改革开放40周年,本刊编辑部,绿色中国,2019-01-01,0,0,0,1001
987,国务院机构改革:组建自然资源部、生态环境部、国家林业和草原局,本刊编辑部,绿色中国,2019-01-01,9,0,9,1001
988,中美贸易战没有赢家,本刊编辑部,绿色中国,2019-01-01,2,0,2,1001
989,世界竹藤大会以南南合作助推绿色发展,本刊编辑部,绿色中国,2019-01-01,0,0,0,1001
990,浙江省“千村示范、万村整治”工程获联合国“地球卫士奖”,本刊编辑部,绿色中国,2019-01-01,0,0,0,1001
991,长春长生疫苗事件,本刊编辑部,绿色中国,2019-01-01,2,0,2,1001
992,缪杰:歌声中的创业扶贫路,郑紫薇,绿色中国,2019-01-01,0,0,0,1001
993,改革先锋王伯祥:改写了中国“菜篮子”发展的历史,刘祺,绿色中国,2019-01-01,0,0,0,1001
994,科尔沁草原飞出的京剧小生,包飞； 国语,绿色中国,2019-01-01,0,0,0,1001
995,2018中国森林旅游节在广州开幕,东丽,绿色中国,2019-01-01,0,0,0,1001
996,“绿剑行动”破获重特大案件579起,胡三,绿色中国,2019-01-01,0,0,0,1001
997,冰雪公主初长成――第十五届中俄蒙美丽使者国际大赛侧记,林如；于守山；史宏伟,绿色中国,2019-01-01,0,0,0,1001
998,浅谈钱江源国家公园体制试点区生态移民,毛玉明； 江红,绿色中国,2019-01-01,5,0,5,1001
999,海淀共青团组织筑梦计划 帮助困境青少年实现心愿,张志国,绿色中国,2019-01-01,0,0,0,1001
1000,第二届绿色中国理事会正式启动,文燕,绿色中国,2019-01-01,0,0,0,1001
1001,第八届绿色中国美丽使者评选活动启动,,绿色中国,2019-01-01,0,0,0,1001
